FID,OID_1,XDSegID,PreviousXD,NextXDSegI,FRC,RoadNumber,RoadName,LinearID,Country,State,County,District,Miles,Lanes,SlipRoad,SpecialRoa,RoadList,StartLat,StartLong,EndLat,EndLong,Bearing,XDGroup,ShapeSRID,XDSegIDnum,Corridor,Period,Order
36717, ,1310408720,1310322906,1310408708,0,495,      I 495, ,        United States of America,         Virginia,          Fairfax,           Annandale,0.524741758,4,0, ,                I 495,38.85493,-77.21977,38.86252,-77.21982,                     N,1940436,4326,1310408720,I-495-N,AM,1
36715, ,1310408708,1310408720,1310303984,0,495,      I 495, ,        United States of America,         Virginia,          Fairfax,           West Falls Church,0.646816342,4,0, ,                I 495,38.86252,-77.21982,38.87188,-77.2199,                     N,1940436,4326,1310408708,I-495-N,AM,2
19622, ,1310303984,1310408708,1310555671,0,495,      I 495, ,        United States of America,         Virginia,          Fairfax,           West Falls Church,0.35326195,4,0, ,                I 495,38.87012,-77.21988,38.87522,-77.2201,                     N,1940436,4326,1310303984,I-495-N,AM,3
60742, ,1310555671,1310303984,1310249379,0,495,      I 495, ,        United States of America,         Virginia,          Fairfax,           Idylwood,0.436227432,5,0, ,                I 495,38.87522,-77.2201,38.88146,-77.22132,                     N,1940436,4326,1310555671,I-495-N,AM,4
9341, ,1310249379,1310555671,1310388985,0,495,      I 495, ,        United States of America,         Virginia,          Fairfax,           Idylwood,0.571512368,4,0, ,                I 495,38.88146,-77.22132,38.88927,-77.21819,                     N,1940436,4326,1310249379,I-495-N,AM,5
33552, ,1310388985,1310249379,1310388998,0,495,      I 495, ,        United States of America,         Virginia,          Fairfax,           Idylwood,0.507306082,4,0, ,                I 495,38.88927,-77.21819,38.89608,-77.21476,                     N,1940436,4326,1310388985,I-495-N,AM,6
33557, ,1310388998,1310388985,1310438011,0,495,      I 495, ,        United States of America,         Virginia,          Fairfax,           Dunn Loring,0.560277976,4,0, ,                I 495,38.89608,-77.21476,38.90404,-77.21614,                     N,1940436,4326,1310388998,I-495-N,AM,7
41373, ,1310438011,1310388998,1310370202,0,495,      I 495, ,        United States of America,         Virginia,          Fairfax,           Dunn Loring,0.847438459,4.072,0, ,                I 495,38.90404,-77.21614,38.9162,-77.21729,                     N,1940436,4326,1310438011,I-495-N,AM,8
30619, ,1310370202,1310438011,1310263171,0,495,      I 495, ,        United States of America,         Virginia,          Fairfax, ,0.175313668,4.355,0, ,                I 495,38.91531,-77.21739,38.91783,-77.21698,                     N,1940436,4326,1310370202,I-495-N,AM,9
11954, ,1310263171,1310370202,1310505117,0,495,      I 495, ,        United States of America,         Virginia,          Fairfax, ,0.374332647,4,0, ,                I 495,38.9162,-77.21729,38.92151,-77.21593,                     N,1940436,4326,1310263171,I-495-N,AM,10
52523, ,1310505117,1310263171,1310438025,0,495,      I 495, ,        United States of America,         Virginia,          Fairfax, ,0.092640231,5,0, ,                I 495,38.92151,-77.21593,38.92279,-77.2154,                     N,1940436,4326,1310505117,I-495-N,AM,11
41376, ,1310438025,1310505117,1310403877,0,495,      I 495, ,        United States of America,         Virginia,          Fairfax, ,0.155460859,4,0, ,                I 495,38.92279,-77.2154,38.92487,-77.21433,                     N,1940436,4326,1310438025,I-495-N,AM,12
16305, ,1310285905,1310285938,1310285916,0,495,      I 495, ,        United States of America,         Virginia,          Fairfax, ,0.123913843,4,0,               HOV,                I 495,38.92417,-77.21474,38.92581,-77.2138,                     N,1956538,4326,1310285905,I-495-N,AM,13
35938, ,1310403877,1310438025,1310231369,0,495,      I 495, ,        United States of America,         Virginia,          Fairfax, ,0.385188002,4,0, ,                I 495,38.92487,-77.21433,38.92986,-77.21114,                     N,1940436,4326,1310403877,I-495-N,AM,14
6029, ,1310231369,1310403877,1310261307,0,495,      I 495, ,        United States of America,         Virginia,          Fairfax, ,0.210048318,4,0, ,                I 495,38.92986,-77.21114,38.93265,-77.20957,                     N,1940436,4326,1310231369,I-495-N,AM,15
11589, ,1310261307,1310231369,1310567213,0,495,      I 495, ,        United States of America,         Virginia,          Fairfax,           McLean,0.345675008,4,0, ,                I 495,38.93265,-77.20957,38.93724,-77.20703,                     N,1940436,4326,1310261307,I-495-N,AM,16
62653, ,1310567213,1310261307, ,0,495,      I 495, ,        United States of America,         Virginia,          Fairfax,           McLean,0.29411984,4,0, ,                I 495,38.93724,-77.20703,38.94116,-77.20488,                     N,1940436,4326,1310567213,I-495-N,AM,17
53710, ,1310512832,1310516613,1310466600,0,495,      I 495, ,        United States of America,         Virginia,          Fairfax,           McLean,0.89067968,3.395,0, ,"                495 Express Lanes,I 495",38.94121,-77.20505,38.95183,-77.19599,                     N,238908,4326,1310512832,I-495-N,AM,18
45940, ,1310466600,1310512832,1310298177,0,495,      I 495, ,        United States of America,         Virginia,          Fairfax,           McLean,0.420494313,4,0, ,                I 495,38.95183,-77.19599,38.95724,-77.1925,                     N,238908,4326,1310466600,I-495-N,AM,19
18580, ,1310298177,1310466600,1310365816,0,495,      I 495, ,        United States of America,         Virginia,          Fairfax,           McLean,0.51356329,4,0, ,                I 495,38.95724,-77.1925,38.9623,-77.18606,                     N,238908,4326,1310298177,I-495-N,AM,20
29877, ,1310365816,1310298177,1310310908,0,495,      I 495, ,        United States of America,         Virginia,          Fairfax,           McLean,0.411304233,4,0, ,                I 495,38.9623,-77.18606,38.96599,-77.18026,                     E,238908,4326,1310365816,I-495-N,AM,21
58094, ,1310539199,1310311354,1310538935,0,66,      I 66, ,        United States of America,         Virginia,          Fairfax,           Vienna,0.397565716,3,0, ,                I 66,38.87919,-77.25155,38.87961,-77.24418,                     E,263139,4326,1310539199,I-66-E,AM,1
58050, ,1310538935,1310539199,1310538921,0,66,      I 66, ,        United States of America,         Virginia,          Fairfax,           Merrifield,0.487328998,3,0, ,                I 66,38.87961,-77.24418,38.88094,-77.23533,                     E,263139,4326,1310538935,I-66-E,AM,2
58047, ,1310538921,1310538935,1310516307,0,66,      I 66, ,        United States of America,         Virginia,          Fairfax,           Merrifield,0.472291816,3,0, ,                I 66,38.88094,-77.23533,38.88343,-77.22715,                     E,263139,4326,1310538921,I-66-E,AM,3
54341, ,1310516307,1310538921,1310243603,0,66,      I 66, ,        United States of America,         Virginia,          Fairfax,           Merrifield,0.103638501,3,0, ,                I 66,38.88343,-77.22715,38.88398,-77.22536,                     E,263139,4326,1310516307,I-66-E,AM,4
8296, ,1310243603,1310516307,1310548572,0,66,      I 66, ,        United States of America,         Virginia,          Fairfax,           Merrifield,0.204685884,3,0, ,                I 66,38.88398,-77.22536,38.88512,-77.22185,                     E,263139,4326,1310243603,I-66-E,AM,5
46321, ,1310468986, ,1310292613,0,66,      I 66, ,        United States of America,         Virginia,          Fairfax,           Merrifield,0.135806888,3,0, ,                I 66,38.88471,-77.22309,38.8855,-77.22078,                     E,263139,4326,1310468986,I-66-E,AM,6
17609, ,1310292613,1310468986, ,0,66,      I 66, ,        United States of America,         Virginia,          Fairfax,           Idylwood,0.218548676,3,0, ,                I 66,38.8855,-77.22078,38.88708,-77.21727,                     E,263139,4326,1310292613,I-66-E,AM,7
11574, ,1310261214,1310564402,1310261178,0,66,      I 66, ,        United States of America,         Virginia,          Fairfax,           Idylwood,0.581914121,2.615,0, ,                I 66,38.88708,-77.21727,38.89199,-77.20848,                     E,263139,4326,1310261214,I-66-E,AM,8
11566, ,1310261178,1310261214,1310376732,0,66,      I 66, ,        United States of America,         Virginia,          Fairfax,           Idylwood,0.608900272,2.51,0, ,                I 66,38.89199,-77.20848,38.89721,-77.19935,                     E,263139,4326,1310261178,I-66-E,AM,9
31647, ,1310376732,1310261178, ,0,66,      I 66, ,        United States of America,         Virginia,          Fairfax,           Idylwood,0.674162888,2,0, ,                I 66,38.89721,-77.19935,38.90049,-77.18791,                     E,263139,4326,1310376732,I-66-E,AM,10
13857, ,1310273144,1310458878, ,0,66,      I 66, ,        United States of America,         Virginia,          Fairfax,           Idylwood,0.255688032,2,0, ,                I 66,38.90049,-77.18791,38.89959,-77.18333,                     E,263139,4326,1310273144,I-66-E,AM,11
42757, ,1310447311,1310518114,1310616983,0,66,      I 66, ,        United States of America,         Virginia,          Fairfax,           McLean,0.977895341,3,0, ,                I 66,38.89959,-77.18333,38.89262,-77.16779,                     E,263139,4326,1310447311,I-66-E,AM,12
71998, ,1310616983,1310447311,1310616979,0,66,      I 66, ,        United States of America,         Virginia,          Arlington,           Arlington,0.553051429,2.465,0, ,                I 66,38.89262,-77.16779,38.88707,-77.16043,                     E,263139,4326,1310616983,I-66-E,AM,13
71997, ,1310616979,1310616983,1310403053,0,66,      I 66, ,        United States of America,         Virginia,          Arlington,           Arlington,0.521846168,2,0, ,                I 66,38.88707,-77.16043,38.88401,-77.15157,                     E,263139,4326,1310616979,I-66-E,AM,14
35807, ,1310403053,1310616979,1310403017,0,66,      I 66, ,        United States of America,         Virginia,          Arlington,           Arlington,0.480599548,2,0, ,                I 66,38.88401,-77.15157,38.88131,-77.14333,                     E,263139,4326,1310403053,I-66-E,AM,15
35803, ,1310403017,1310403053,135611399,0,66,      I 66, ,        United States of America,         Virginia,          Arlington,           Arlington,0.449313509,2,0, ,                I 66,38.88131,-77.14333,38.87919,-77.13549,                     E,263139,4326,1310403017,I-66-E,AM,16
2682, ,135611399,1310403017,1310403029,0,66,      I 66, ,        United States of America,         Virginia,          Arlington,           Arlington,0.449692545,2,0, ,                I 66,38.87919,-77.13549,38.8795,-77.12716,                     E,263139,4326,135611399,I-66-E,AM,17
35805, ,1310403029,135611399,1310548232,0,66,      I 66, ,        United States of America,         Virginia,          Arlington,           Arlington,0.159164231,2,0, ,                I 66,38.8795,-77.12716,38.88043,-77.12447,                     E,263139,4326,1310403029,I-66-E,AM,18
59502, ,1310548232,1310403029,1310599570,0,66,      I 66, ,        United States of America,         Virginia,          Arlington,           Arlington,0.757314781,2,0, ,                I 66,38.88043,-77.12447,38.88796,-77.11466,                     E,263139,4326,1310548232,I-66-E,AM,19
15347, ,1310280919,1310509944, ,0,66,      I 66, ,        United States of America,         Virginia,          Arlington,           Arlington,0.184385688,2,0, ,                I 66,38.88654,-77.11751,38.88796,-77.11466,                     E,1984528,4326,1310280919,I-66-E,AM,20
68354, ,1310599570,1310548232,1310337025,0,66,      I 66, ,        United States of America,         Virginia,          Arlington,           Arlington,0.820613865,2,0, ,                I 66,38.88796,-77.11466,38.89259,-77.10101,                     E,263139,4326,1310599570,I-66-E,AM,21
25313, ,1310337025,1310599570,1310483840,0,66,      I 66, ,        United States of America,         Virginia,          Arlington,           Arlington,1.057331434,2,0, ,                I 66,38.89259,-77.10101,38.8974,-77.08499,                     E,263139,4326,1310337025,I-66-E,AM,22
48581, ,1310483840,1310337025,1310483802,0,66,      I 66, ,        United States of America,         Virginia,          Arlington,           Arlington,0.468538734,2,0, ,                I 66,38.8974,-77.08499,38.89841,-77.07698,                     E,263139,4326,1310483840,I-66-E,AM,23
48574, ,1310483802,1310483840, ,0,66,      I 66, ,        United States of America,         Virginia,          Arlington,           Arlington,0.540232542,2,0, ,                I 66,38.89841,-77.07698,38.89658,-77.06817,                     E,263139,4326,1310483802,I-66-E,AM,24
64605, ,1310579121,135547224,1310324865,0,66,      I 66, ,        United States of America,         Virginia,          Arlington,           Arlington,0.160444255,3,0, ,                I 66,38.89658,-77.06817,38.89428,-77.06782,                     S,263139,4326,1310579121,I-66-E,AM,25
23328, ,1310324865,1310579121, ,0,66,      I 66, ,        United States of America,         Virginia,          Arlington,           Arlington,0.258403424,2.166,0, ,                I 66,38.89428,-77.06782,38.8917,-77.06467,                     S,263139,4326,1310324865,I-66-E,AM,26
65447, ,1310583894,1310465140,1310370645,0,66,      I 66, ,        United States of America,         Virginia,          Arlington,           Arlington,0.090645629,3,0, ,                I 66,38.89556,-77.06779,38.89685,-77.06807,                     N,260459,4326,1310583894,I-66-E,AM,27
54673, ,1310518332,135356033,1310614051,0,267,      VA 267, ,        United States of America,         Virginia,          Fairfax, ,0.095473684,4,0, ,                VA 267,38.93449,-77.2418,38.93432,-77.24004,                     E,273272,4326,1310518332,VA-267-S,AM,1
71190, ,1310614051,1310518332,1310518298,0,267,      VA 267, ,        United States of America,         Virginia,          Fairfax, ,0.74038863,4,0, ,                VA 267,38.9344,-77.24072,38.93361,-77.22704,                     E,273272,4326,1310614051,VA-267-S,AM,2
54674, ,1310518345,1310518309, ,0,267,      VA 267, ,        United States of America,         Virginia,          Fairfax, ,0.226694852,4,0, ,                VA 267,38.93428,-77.24491,38.9344,-77.24072,                     E,273272,4326,1310518345,VA-267-S,AM,3
54668, ,1310518286,1310518298,1310518422,0,267,      VA 267, ,        United States of America,         Virginia,          Fairfax, ,0.207047095,6,0, ,                VA 267,38.93381,-77.22057,38.93321,-77.21681,                     E,273272,4326,1310518286,VA-267-S,AM,4
54671, ,1310518309,1310518322,1310518345,0,267,      VA 267, ,        United States of America,         Virginia,          Fairfax, ,0.117209248,4,0, ,                VA 267,38.93379,-77.247,38.93428,-77.24491,                     E,273272,4326,1310518309,VA-267-S,AM,5
54672, ,1310518298,1310614051,1310518286,0,267,      VA 267, ,        United States of America,         Virginia,          Fairfax, ,0.348154279,6,0, ,                VA 267,38.93361,-77.22704,38.93381,-77.22057,                     E,273272,4326,1310518298,VA-267-S,AM,6
54719, ,1310518573,1310518586,1310518322,0,267,      VA 267, ,        United States of America,         Virginia,          Fairfax, ,0.633065398,4,0, ,                VA 267,38.93347,-77.26392,38.93228,-77.25257,                     E,273272,4326,1310518573,VA-267-S,AM,7
54691, ,1310518422,1310518286,1310518409,0,267,      VA 267, ,        United States of America,         Virginia,          Fairfax, ,0.426366271,2.41,0, ,                VA 267,38.93321,-77.21681,38.93072,-77.20956,                     E,273272,4326,1310518422,VA-267-S,AM,8
54675, ,1310518322,1310518573,1310518309,0,267,      VA 267, ,        United States of America,         Virginia,          Fairfax, ,0.434872842,4,0, ,                VA 267,38.93228,-77.25257,38.93428,-77.24491,                     E,273272,4326,1310518322,VA-267-S,AM,9
54689, ,1310518409,1310518422,1310518445,0,267,      VA 267, ,        United States of America,         Virginia,          Fairfax, ,0.093180824,3,0, ,                VA 267,38.93072,-77.20956,38.93016,-77.20799,                     E,273272,4326,1310518409,VA-267-S,AM,10
54695, ,1310518445,1310518409,1310518432,0,267,      VA 267, ,        United States of America,         Virginia,          Fairfax, ,0.195775421,2,0, ,                VA 267,38.93016,-77.20799,38.92895,-77.20469,                     E,273272,4326,1310518445,VA-267-S,AM,11
54690, ,1310518432,1310518445,1310518374,0,267,      VA 267, ,        United States of America,         Virginia,          Fairfax, ,0.083680058,2,0, ,"                VA 267,SR 267",38.92895,-77.20469,38.92844,-77.20328,                     E,273272,4326,1310518432,VA-267-S,AM,12
54685, ,1310518374,1310518432,1310518362,0,267,      VA 267, ,        United States of America,         Virginia,          Fairfax, ,0.182043118,2,0, ,                VA 267,38.92844,-77.20328,38.92729,-77.20024,                     E,273272,4326,1310518374,VA-267-S,AM,13
54687, ,1310518398,1310518362,1310518385,0,267,      VA 267, ,        United States of America,         Virginia,          Fairfax,           Pimmit Hills,0.631014873,2.877,0, ,"                VA 267,SR 267,VA 267",38.92701,-77.19981,38.91921,-77.19385,                     S,273272,4326,1310518398,VA-267-S,AM,14
54686, ,1310518385,1310518398,1310518127,0,267,      VA 267, ,        United States of America,         Virginia,          Fairfax,           Pimmit Hills,0.539126501,2.338,0, ,"                VA 267,SR 267",38.91921,-77.19385,38.91269,-77.1884,                     S,273272,4326,1310518385,VA-267-S,AM,15
54643, ,1310518127,1310518385,1310518114,0,267,      VA 267, ,        United States of America,         Virginia,          Fairfax,           Pimmit Hills,0.682389843,2,0, ,                VA 267,38.91269,-77.1884,38.90315,-77.18855,                     S,273272,4326,1310518127,VA-267-S,AM,16
54639, ,1310518114,1310518127,1310447311,0,267,      VA 267, ,        United States of America,         Virginia,          Fairfax,           Idylwood,0.437482601,2,0, ,                VA 267,38.90315,-77.18855,38.89959,-77.18333,                     E,273272,4326,1310518114,VA-267-S,AM,17
29246, ,1310361713,1310241822,1310217686,0,495,      I 495, ,        United States of America,         Virginia,          Fairfax,           McLean,1.079794003,4,0, ,                I 495,38.96674,-77.18016,38.95589,-77.19336,                     S,246460,4326,1310361713,I-495-S,PM,1
29877, ,1310365816,1310298177,1310310908,0,495,      I 495, ,        United States of America,         Virginia,          Fairfax,           McLean,0.411304233,4,0, ,                I 495,38.9623,-77.18606,38.96599,-77.18026,                     E,238908,4326,1310365816,I-495-S,PM,2
3470, ,1310217686,1310361713,1310564327,0,495,      I 495, ,        United States of America,         Virginia,          Fairfax,           McLean,0.275435208,4,0, ,                I 495,38.95589,-77.19336,38.95239,-77.19577,                     S,246460,4326,1310217686,I-495-S,PM,3
62237, ,1310564327,1310217686,1310361728,0,495,      I 495, ,        United States of America,         Virginia,          Fairfax,           McLean,0.911228426,4,0, ,                I 495,38.95239,-77.19577,38.94161,-77.20525,                     S,246460,4326,1310564327,I-495-S,PM,4
29248, ,1310361728,1310564327,1310361688,0,495,      I 495, ,        United States of America,         Virginia,          Fairfax,           McLean,0.584045424,4,0, ,                I 495,38.94161,-77.20525,38.93423,-77.21042,                     S,1932475,4326,1310361728,I-495-S,PM,5
29238, ,1310361688,1310361728,1310283350,0,495,      I 495, ,        United States of America,         Virginia,          Fairfax,           McLean,0.28022598,4,0, ,                I 495,38.93551,-77.20901,38.93265,-77.21268,                     S,1932475,4326,1310361688,I-495-S,PM,6
15801, ,1310283350,1310361688,1310564575,0,495,      I 495, ,        United States of America,         Virginia,          Fairfax, ,0.459286517,4,0, ,                I 495,38.93265,-77.21268,38.92631,-77.21447,                     S,1932475,4326,1310283350,I-495-S,PM,7
62264, ,1310564575,1310283350,1310361702,0,495,      I 495, ,        United States of America,         Virginia,          Fairfax, ,0.097952955,4,0, ,                I 495,38.92631,-77.21447,38.92496,-77.21498,                     S,1932475,4326,1310564575,I-495-S,PM,8
29243, ,1310361702,1310564575,1310361860,0,495,      I 495, ,        United States of America,         Virginia,          Fairfax, ,0.236295037,4,0, ,                I 495,38.92496,-77.21498,38.9218,-77.21667,                     S,1932475,4326,1310361702,I-495-S,PM,9
29266, ,1310361860,1310361702,1310341839,0,495,      I 495, ,        United States of America,         Virginia,          Fairfax, ,0.100034548,5,0, ,                I 495,38.9218,-77.21667,38.9204,-77.21712,                     S,1932475,4326,1310361860,I-495-S,PM,10
26098, ,1310341839,1310361860,1310361869,0,495,      I 495, ,        United States of America,         Virginia,          Fairfax, ,0.186038535,4,0, ,                I 495,38.9204,-77.21712,38.91773,-77.21761,                     S,1932475,4326,1310341839,I-495-S,PM,11
29267, ,1310361869,1310341839,1310361832,0,495,      I 495, ,        United States of America,         Virginia,          Fairfax, ,0.085258341,5,0, ,                I 495,38.91773,-77.21761,38.91651,-77.21781,                     S,1932475,4326,1310361869,I-495-S,PM,12
8826, ,1310246536,1310470980,1310470946,0,495,      I 495, ,        United States of America,         Virginia,          Fairfax,           Dunn Loring,0.972508053,4,0,               HOV,                I 495,38.91651,-77.21781,38.90259,-77.21622,                     S,1929066,4326,1310246536,I-495-S,PM,13
29262, ,1310361832,1310361869,1310222458,0,495,      I 495, ,        United States of America,         Virginia,          Fairfax,           Dunn Loring,0.972508053,4,0, ,                I 495,38.91651,-77.21781,38.90259,-77.21622,                     S,1932475,4326,1310361832,I-495-S,PM,14
4329, ,1310222458,1310361832,1310361845,0,495,      I 495, ,        United States of America,         Virginia,          Fairfax,           Dunn Loring,0.770239302,5,0, ,                I 495,38.90259,-77.21622,38.89185,-77.21726,                     S,1932475,4326,1310222458,I-495-S,PM,15
29264, ,1310361845,1310222458,1310361808,0,495,      I 495, ,        United States of America,         Virginia,          Fairfax,           Dunn Loring,0.409154289,4,0, ,                I 495,38.89185,-77.21726,38.88704,-77.22162,                     S,1932475,4326,1310361845,I-495-S,PM,16
29259, ,1310361808,1310361845, ,0,495,      I 495, ,        United States of America,         Virginia,          Fairfax,           Merrifield,0.529383401,4.411,0, ,                I 495,38.88704,-77.22162,38.87953,-77.22176,                     S,1932475,4326,1310361808,I-495-S,PM,17
29260, ,1310361822,1310596894,1310278627,0,495,      I 495, ,        United States of America,         Virginia,          Fairfax,           Merrifield,0.496966466,4.12,0, ,                I 495,38.88109,-77.2222,38.87401,-77.22055,                     S,1932475,4326,1310361822,I-495-S,PM,18
14889, ,1310278627,1310361822,1310285519,0,495,      I 495, ,        United States of America,         Virginia,          Fairfax,           Merrifield,0.939985484,4,0, ,                I 495,38.87401,-77.22055,38.86041,-77.22035,                     S,1932475,4326,1310278627,I-495-S,PM,19
16227, ,1310285519,1310278627,1310361784,0,495,      I 495, ,        United States of America,         Virginia,          Fairfax,           Annandale,0.197788664,4,0, ,                I 495,38.86041,-77.22035,38.85755,-77.22036,                     S,1932475,4326,1310285519,I-495-S,PM,20
45711, ,1310465140,1310445403,1310583894,0,66,      I 66, ,        United States of America,         Virginia,          Arlington,           Arlington,0.471527529,2.473,0, ,                I 66,38.89193,-77.06218,38.89556,-77.06779,                     W,260459,4326,1310465140,I-66-W,PM,1
65447, ,1310583894,1310465140,1310370645,0,66,      I 66, ,        United States of America,         Virginia,          Arlington,           Arlington,0.090645629,3,0, ,                I 66,38.89556,-77.06779,38.89685,-77.06807,                     N,260459,4326,1310583894,I-66-W,PM,2
23328, ,1310324865,1310579121, ,0,66,      I 66, ,        United States of America,         Virginia,          Arlington,           Arlington,0.258403424,2.166,0, ,                I 66,38.89428,-77.06782,38.8917,-77.06467,                     S,263139,4326,1310324865,I-66-W,PM,3
30679, ,1310370645,1310583894,1310370609,0,66,      I 66, ,        United States of America,         Virginia,          Arlington,           Arlington,0.497152877,2,0, ,                I 66,38.89685,-77.06807,38.89866,-77.0763,                     W,260459,4326,1310370645,I-66-W,PM,4
64605, ,1310579121,135547224,1310324865,0,66,      I 66, ,        United States of America,         Virginia,          Arlington,           Arlington,0.160444255,3,0, ,                I 66,38.89658,-77.06817,38.89428,-77.06782,                     S,263139,4326,1310579121,I-66-W,PM,5
30675, ,1310370609,1310370645,1310483821,0,66,      I 66, ,        United States of America,         Virginia,          Arlington,           Arlington,0.499228257,2,0, ,                I 66,38.89866,-77.0763,38.8975,-77.08486,                     W,260459,4326,1310370609,I-66-W,PM,6
48577, ,1310483821,1310370609,1310483834,0,66,      I 66, ,        United States of America,         Virginia,          Arlington,           Arlington,0.512569096,2,0, ,                I 66,38.8975,-77.08486,38.89782,-77.09407,                     W,260459,4326,1310483821,I-66-W,PM,7
48580, ,1310483834,1310483821, ,0,66,      I 66, ,        United States of America,         Virginia,          Arlington,           Arlington,0.510611777,2,0, ,                I 66,38.89782,-77.09407,38.89334,-77.10083,                     W,260459,4326,1310483834,I-66-W,PM,8
33957, ,1310391046,1310589450,135173514,0,66,      I 66, ,        United States of America,         Virginia,          Arlington,           Arlington,0.782219339,2,0, ,                I 66,38.89334,-77.10083,38.88846,-77.11329,                     W,260459,4326,1310391046,I-66-W,PM,9
2175, ,135173514,1310391046,1310359591,0,66,      I 66, ,        United States of America,         Virginia,          Arlington,           Arlington,0.479282242,2,0, ,                I 66,38.88846,-77.11329,38.88411,-77.11977,                     W,260459,4326,135173514,I-66-W,PM,10
28842, ,1310359591,135173514,1310272515,0,66,      I 66, ,        United States of America,         Virginia,          Arlington,           Arlington,0.37569345,2,0, ,                I 66,38.88411,-77.11977,38.88052,-77.12491,                     W,260459,4326,1310359591,I-66-W,PM,11
13740, ,1310272515,1310359591,1310272528,0,66,      I 66, ,        United States of America,         Virginia,          Arlington,           Arlington,0.542488119,2,0, ,                I 66,38.88052,-77.12491,38.87942,-77.13476,                     W,260459,4326,1310272515,I-66-W,PM,12
13746, ,1310272528,1310272515,1310272310,0,66,      I 66, ,        United States of America,         Virginia,          Arlington,           Arlington,0.459087678,2,0, ,                I 66,38.87942,-77.13476,38.88141,-77.14282,                     W,260459,4326,1310272528,I-66-W,PM,13
13704, ,1310272310,1310272528,1310391296,0,66,      I 66, ,        United States of America,         Virginia,          Arlington,           Arlington,0.476554422,2,0, ,                I 66,38.88141,-77.14282,38.8842,-77.15092,                     W,260459,4326,1310272310,I-66-W,PM,14
33997, ,1310391296,1310272310,1310391309,0,66,      I 66, ,        United States of America,         Virginia,          Arlington,           Arlington,0.431629285,2,0, ,                I 66,38.8842,-77.15092,38.8867,-77.15827,                     W,260459,4326,1310391296,I-66-W,PM,15
34000, ,1310391309,1310391296,1310242879,0,66,      I 66, ,        United States of America,         Virginia,          Arlington,           Arlington,0.546328193,2,0, ,                I 66,38.8867,-77.15827,38.89173,-77.16596,                     W,260459,4326,1310391309,I-66-W,PM,16
8163, ,1310242879,1310391309,135156190,0,66,      I 66, ,        United States of America,         Virginia,          Arlington,           Arlington,0.315035194,3,0, ,                I 66,38.89173,-77.16596,38.89504,-77.17,                     N,260459,4326,1310242879,I-66-W,PM,17
2147, ,135156190,1310242879,1310242888,0,66,      I 66, ,        United States of America,         Virginia,          Fairfax,           McLean,0.487844737,3,0, ,                I 66,38.89504,-77.17,38.89827,-77.17802,                     W,260459,4326,135156190,I-66-W,PM,18
8164, ,1310242888,135156190,1310273179,0,66,      I 66, ,        United States of America,         Virginia,          Fairfax,           McLean,0.454595164,3,0, ,                I 66,38.89827,-77.17802,38.90094,-77.18575,                     W,260459,4326,1310242888,I-66-W,PM,19
13866, ,1310273179,1310242888,1310310341,0,66,      I 66, ,        United States of America,         Virginia,          Fairfax,           Pimmit Hills,0.467184144,2,0, ,                I 66,38.90094,-77.18575,38.90058,-77.19417,                     W,260459,4326,1310273179,I-66-W,PM,20
20724, ,1310310341,1310273179, ,0,66,      I 66, ,        United States of America,         Virginia,          Fairfax,           Pimmit Hills,0.156181649,2,0, ,                I 66,38.90058,-77.19417,38.89929,-77.19656,                     W,260459,4326,1310310341,I-66-W,PM,21
40902, ,1310434604,1310527456,1310476018,0,66,      I 66, ,        United States of America,         Virginia,          Fairfax,           Idylwood,0.080219021,2,0, ,                I 66,38.89929,-77.19656,38.89861,-77.19777,                     W,260459,4326,1310434604,I-66-W,PM,22
47386, ,1310476018,1310434604,1310390082,0,66,      I 66, ,        United States of America,         Virginia,          Fairfax,           Idylwood,0.221817088,2,0, ,                I 66,38.89861,-77.19777,38.89668,-77.20106,                     W,260459,4326,1310476018,I-66-W,PM,23
33776, ,1310390082,1310476018,1310388956,0,66,      I 66, ,        United States of America,         Virginia,          Fairfax,           Idylwood,0.80811809,2,0, ,                I 66,38.89668,-77.20106,38.88973,-77.21315,                     W,260459,4326,1310390082,I-66-W,PM,24
33545, ,1310388956,1310390082, ,0,66,      I 66, ,        United States of America,         Virginia,          Fairfax,           Idylwood,0.286607462,2,0, ,                I 66,38.88973,-77.21315,38.88778,-77.21783,                     W,260459,4326,1310388956,I-66-W,PM,25
19563, ,1310303619,1310534744, ,0,66,      I 66, ,        United States of America,         Virginia,          Fairfax,           Idylwood,0.205375606,2.758,0, ,                I 66,38.88778,-77.21783,38.88645,-77.22125,                     W,260459,4326,1310303619,I-66-W,PM,26
5813, ,1310230148,1310353615, ,0,66,      I 66, ,        United States of America,         Virginia,          Fairfax,           Merrifield,0.257632924,3,0, ,                I 66,38.88645,-77.22125,38.88471,-77.22548,                     W,260459,4326,1310230148,I-66-W,PM,27
54343, ,1310516321,1310407314,1310290558,0,66,      I 66, ,        United States of America,         Virginia,          Fairfax,           Merrifield,0.19696224,3,0, ,                I 66,38.88471,-77.22548,38.88335,-77.2287,                     W,260459,4326,1310516321,I-66-W,PM,28
17188, ,1310290558,1310516321,1310290543,0,66,      I 66, ,        United States of America,         Virginia,          Fairfax,           Merrifield,0.449015251,3,0, ,                I 66,38.88335,-77.2287,38.88093,-77.23644,                     W,260459,4326,1310290558,I-66-W,PM,29
29300, ,1310362085,1310253047, ,0,267,      VA 267, ,        United States of America,         Virginia,          Fairfax,           Wolf Trap,0.241607761,4,0, ,                VA 267,38.93452,-77.2467,38.93349,-77.25099,                     W,262397,4326,1310362085,VA-267-N,PM,1
10051, ,1310253047,1310253260,1310362085,0,267,      VA 267, ,        United States of America,         Virginia,          Fairfax, ,0.267767488,4,0, ,                VA 267,38.93519,-77.24181,38.93452,-77.2467,                     W,262397,4326,1310253047,VA-267-N,PM,2
10081, ,1310253260,1310271551,1310253047,0,267,      VA 267, ,        United States of America,         Virginia,          Fairfax, ,0.095175425,2.796,0, ,                VA 267,38.93515,-77.24004,38.93519,-77.24181,                     W,262397,4326,1310253260,VA-267-N,PM,3
13545, ,1310271551,1310617577,1310253260,0,267,      VA 267, ,        United States of America,         Virginia,          Fairfax, ,0.729949594,4,0, ,                VA 267,38.93455,-77.22734,38.93515,-77.24077,                     W,262397,4326,1310271551,VA-267-N,PM,4
72137, ,1310617577,1310320513,1310271551,0,267,      VA 267, ,        United States of America,         Virginia,          Fairfax,           McLean,0.378694673,5,0, ,                VA 267,38.93464,-77.22034,38.93455,-77.22734,                     W,262397,4326,1310617577,VA-267-N,PM,5
13543, ,1310271543,1310574773, ,0,267,      VA 267, ,        United States of America,         Virginia,          Fairfax,           McLean,0.153944713,5,0, ,                VA 267,38.93401,-77.21595,38.93442,-77.21876,                     W,262397,4326,1310271543,VA-267-N,PM,6
63928, ,1310574773,1310543546,1310271543,0,267,      VA 267, ,        United States of America,         Virginia,          Fairfax,           McLean,0.138261304,3.28,0, ,                VA 267,38.93362,-77.21342,38.93401,-77.21595,                     W,262397,4326,1310574773,VA-267-N,PM,7
4981, ,1310225615,1310601534, ,0,267,      VA 267, ,        United States of America,         Virginia,          Fairfax,           McLean,0.340144804,2,0, ,                VA 267,38.93186,-77.20763,38.93362,-77.21342,                     W,262397,4326,1310225615,VA-267-N,PM,8
68695, ,1310601534,1310303844,1310225615,0,267,      VA 267, ,        United States of America,         Virginia,          Fairfax,           McLean,0.111877883,3,0, ,                VA 267,38.93072,-77.20616,38.93186,-77.20763,                     W,262397,4326,1310601534,VA-267-N,PM,9
19594, ,1310303844,1310271576,1310601534,0,267,      VA 267, ,        United States of America,         Virginia,          Fairfax,           McLean,0.16292974,2,0, ,                VA 267,38.92935,-77.20373,38.93072,-77.20616,                     W,262397,4326,1310303844,VA-267-N,PM,10
13552, ,1310271576,1310271564,1310303844,0,267,      VA 267, ,        United States of America,         Virginia,          Fairfax,           McLean,0.179973952,2,0, ,                VA 267,38.92815,-77.20076,38.92935,-77.20373,                     W,262397,4326,1310271576,VA-267-N,PM,11
13550, ,1310271564,1310573747,1310271576,0,267,      VA 267, ,        United States of America,         Virginia,          Fairfax,           McLean,0.286309204,2,0, ,                VA 267,38.92508,-77.19728,38.92815,-77.20076,                     N,262397,4326,1310271564,VA-267-N,PM,12
63760, ,1310573747,1310573759,1310271564,0,267,      VA 267, ,        United States of America,         Virginia,          Fairfax,           Pimmit Hills,0.540704784,2,0, ,"                VA 267,SR 267,VA 267",38.91809,-77.19276,38.92508,-77.19728,                     N,262397,4326,1310573747,VA-267-N,PM,13
63762, ,1310573759,1310573824,1310573747,0,267,      VA 267, ,        United States of America,         Virginia,          Fairfax,           Pimmit Hills,0.457335411,2,0, ,"                SR 267,VA 267",38.91264,-77.18797,38.91809,-77.19276,                     N,262397,4326,1310573759,VA-267-N,PM,14
63772, ,1310573824,1310271598,1310573759,0,267,      VA 267, ,        United States of America,         Virginia,          Fairfax,           McLean,0.649065706,2,0, ,                VA 267,38.90351,-77.18789,38.91264,-77.18797,                     N,262397,4326,1310573824,VA-267-N,PM,15
13558, ,1310271598, ,1310573824,0,267,      VA 267, ,        United States of America,         Virginia,          Fairfax,           McLean,0.219685785,2,1, ,                VA 267,38.90094,-77.18575,38.90351,-77.18789,                     N,1976274,4326,1310271598,VA-267-N,PM,16
16367, ,1310286193,1310286182,1310286161,0,495,      495 Express Lanes, ,        United States of America,         Virginia,          Fairfax,           Annandale,0.565485067,2,0,               HOV,                495 Express Lanes,38.84929,-77.21997,38.85747,-77.21997,                     N,1956538,4326,1310286193,495-EXPRS-N,AM,1
16360, ,1310286161,1310286193,1310286170,0,495,      495 Express Lanes, ,        United States of America,         Virginia,          Fairfax,           Annandale,0.596621977,2,0,               HOV,                495 Express Lanes,38.85747,-77.21997,38.86611,-77.22007,                     N,1956538,4326,1310286161,495-EXPRS-N,AM,2
16361, ,1310286170,1310286161,1310286137,0,495,      495 Express Lanes, ,        United States of America,         Virginia,          Fairfax,           Merrifield,0.425303726,2,0,               HOV,                495 Express Lanes,38.86611,-77.22007,38.87226,-77.22011,                     N,1956538,4326,1310286170,495-EXPRS-N,AM,3
16354, ,1310286137,1310286170,1310286148,0,495,      495 Express Lanes, ,        United States of America,         Virginia,          Fairfax,           West Falls Church,0.416188211,2,0,               HOV,                495 Express Lanes,38.87226,-77.22011,38.87823,-77.22099,                     N,1956538,4326,1310286137,495-EXPRS-N,AM,4
43267, ,1310450035, ,1310472622,0,495,      495 Express Lanes, ,        United States of America,         Virginia,          Fairfax,           West Falls Church,0.240458224,2,0, ,                495 Express Lanes,38.87226,-77.22011,38.87573,-77.22038,                     N,2134068,4326,1310450035,495-EXPRS-N,AM,5
46856, ,1310472622,1310450035, ,0,495,      495 Express Lanes, ,        United States of America,         Virginia,          Fairfax,           West Falls Church,0.012340432,2,0, ,                495 Express Lanes,38.87573,-77.22038,38.8759,-77.22043,                     N,2134068,4326,1310472622,495-EXPRS-N,AM,6
16356, ,1310286148,1310286137, ,0,495,      495 Express Lanes, ,        United States of America,         Virginia,          Fairfax,           Merrifield,0.945981716,2,0,               HOV,                495 Express Lanes,38.87823,-77.22099,38.89121,-77.21724,                     N,1956538,4326,1310286148,495-EXPRS-N,AM,7
9365, ,1310249546,1310241315,1310285929,0,495,      495 Express Lanes, ,        United States of America,         Virginia,          Fairfax,           Dunn Loring,0.947559999,2,0,               HOV,                495 Express Lanes,38.89121,-77.21724,38.90441,-77.2164,                     N,1956538,4326,1310249546,495-EXPRS-N,AM,8
16311, ,1310285929,1310249546,1310285938,0,495,      495 Express Lanes, ,        United States of America,         Virginia,          Fairfax,           Dunn Loring,0.867999632,2,0,               HOV,                495 Express Lanes,38.90441,-77.2164,38.91688,-77.21734,                     N,1956538,4326,1310285929,495-EXPRS-N,AM,9
16313, ,1310285938,1310285929,1310285905,0,495,      495 Express Lanes, ,        United States of America,         Virginia,          Fairfax, ,0.536454605,2,0,               HOV,                495 Express Lanes,38.91688,-77.21734,38.92437,-77.21481,                     N,1956538,4326,1310285938,495-EXPRS-N,AM,10
16308, ,1310285916,1310285905,1310285885,0,495,      495 Express Lanes, ,        United States of America,         Virginia,          Fairfax, ,0.117886543,2,0,               HOV,                495 Express Lanes,38.92602,-77.21407,38.92756,-77.21313,                     N,1956538,4326,1310285916,495-EXPRS-N,AM,11
16303, ,1310285885,1310285916,1310516613,0,495,      495 Express Lanes, ,        United States of America,         Virginia,          Fairfax, ,0.353423507,2,0,               HOV,                495 Express Lanes,38.92756,-77.21313,38.93225,-77.2105,                     N,1956538,4326,1310285885,495-EXPRS-N,AM,12
54381, ,1310516613,1310285885,1310512832,0,495,      495 Express Lanes, ,        United States of America,         Virginia,          Fairfax,           McLean,0.685739034,1.63,0, ,                495 Express Lanes,38.93225,-77.2105,38.94121,-77.20505,                     N,1956538,4326,1310516613,495-EXPRS-N,AM,13
46652, ,1310471232, ,1310516599,0,495,      495 Express Lanes, ,        United States of America,         Virginia,          Fairfax,           McLean,0.335757924,2,0, ,                495 Express Lanes,38.94161,-77.20525,38.93711,-77.20762,                     S,1929066,4326,1310471232,495-EXPRS-S,PM,1
54380, ,1310516599,1310471232,1310471195,0,495,      495 Express Lanes, ,        United States of America,         Virginia,          Fairfax,           McLean,0.357052314,2,0, ,                495 Express Lanes,38.93711,-77.20762,38.93264,-77.2109,                     S,1929066,4326,1310516599,495-EXPRS-S,PM,2
46641, ,1310471195,1310516599,1310471208,0,495,      495 Express Lanes, ,        United States of America,         Virginia,          Fairfax, ,0.404208174,2,0,               HOV,                495 Express Lanes,38.93264,-77.2109,38.92729,-77.21388,                     S,1929066,4326,1310471195,495-EXPRS-S,PM,3
46646, ,1310471208,1310471195,1310470969,0,495,      495 Express Lanes, ,        United States of America,         Virginia,          Fairfax, ,0.210489491,2,0,               HOV,                495 Express Lanes,38.92729,-77.21388,38.92439,-77.21507,                     S,1929066,4326,1310471208,495-EXPRS-S,PM,4
46613, ,1310470969,1310471208,1310470980,0,495,      495 Express Lanes, ,        United States of America,         Virginia,          Fairfax, ,0.090937674,2,0,               HOV,                495 Express Lanes,38.92561,-77.21444,38.92439,-77.21507,                     S,1929066,4326,1310470969,495-EXPRS-S,PM,5
46615, ,1310470980,1310470969,1310246536,0,495,      495 Express Lanes, ,        United States of America,         Virginia,          Fairfax, ,0.536895778,2,0,               HOV,                495 Express Lanes,38.92439,-77.21507,38.91693,-77.21761,                     S,1929066,4326,1310470980,495-EXPRS-S,PM,6
46609, ,1310470946,1310246536,1310218556,0,495,      495 Express Lanes, ,        United States of America,         Virginia,          Fairfax,           Dunn Loring,0.913776048,2,0,               HOV,                495 Express Lanes,38.90347,-77.21636,38.89079,-77.21773,                     S,1929066,4326,1310470946,495-EXPRS-S,PM,7
3615, ,1310218556,1310470946,1310358213,0,495,      495 Express Lanes, ,        United States of America,         Virginia,          Fairfax,           Dunn Loring,0.375699664,2,0,               HOV,                495 Express Lanes,38.89079,-77.21773,38.88637,-77.22171,                     S,1929066,4326,1310218556,495-EXPRS-S,PM,8
28628, ,1310358213,1310218556,1310470958,0,495,      495 Express Lanes, ,        United States of America,         Virginia,          Fairfax,           Merrifield,0.936226189,1.853,0,               HOV,                495 Express Lanes,38.88537,-77.22191,38.87197,-77.22031,                     S,1929066,4326,1310358213,495-EXPRS-S,PM,9
46611, ,1310470958,1310358213,1310470917,0,495,      495 Express Lanes, ,        United States of America,         Virginia,          Fairfax,           Merrifield,0.405394993,2,0,               HOV,                495 Express Lanes,38.87197,-77.22031,38.8661,-77.22024,                     S,1929066,4326,1310470958,495-EXPRS-S,PM,10
46604, ,1310470917,1310470958,1310470929,0,495,      495 Express Lanes, ,        United States of America,         Virginia,          Fairfax,           Annandale,0.573761731,2,0,               HOV,                495 Express Lanes,38.8661,-77.22024,38.8578,-77.22016,                     S,1929066,4326,1310470917,495-EXPRS-S,PM,11
69804, ,1310607513,1310282462,1310339348,0, ,      George Washington Memorial Parkway, ,        United States of America,         Virginia,          Alexandria City,           Alexandria,0.192674779,2,0, ,                George Washington Memorial Parkway,38.81576,-77.04461,38.81853,-77.04421,                     N,219118,4326,1310607513,GWPKWY-NW,AM,1
25629, ,1310339348,1310607513,1310300728,0, ,      George Washington Memorial Parkway, ,        United States of America,         Virginia,          Alexandria City,           Alexandria,0.22004618,2,0, ,                George Washington Memorial Parkway,38.81853,-77.04421,38.8217,-77.0438,                     N,219118,4326,1310339348,GWPKWY-NW,AM,2
19031, ,1310300728,1310339348,135263441,0, ,      George Washington Memorial Parkway, ,        United States of America,         Virginia,          Alexandria City,           Alexandria,0.198751789,2,0, ,                George Washington Memorial Parkway,38.8217,-77.0438,38.82457,-77.04344,                     N,219118,4326,1310300728,GWPKWY-NW,AM,3
2269, ,135263441,1310300728,1310441756,0, ,      George Washington Memorial Parkway, ,        United States of America,         Virginia,          Alexandria City,           Alexandria,0.408874672,2,0, ,                George Washington Memorial Parkway,38.82457,-77.04344,38.83045,-77.04334,                     N,219118,4326,135263441,GWPKWY-NW,AM,4
41910, ,1310441756,135263441,135726076,0, ,      George Washington Memorial Parkway, ,        United States of America,         Virginia,          Alexandria City,           Alexandria,0.442093176,2,0, ,                George Washington Memorial Parkway,38.83045,-77.04334,38.8365,-77.04573,                     N,275870,4326,1310441756,GWPKWY-NW,AM,5
2763, ,135726076,1310441756,1310441795,0, ,      George Washington Memorial Parkway, ,        United States of America,         Virginia,          Alexandria City,           Alexandria,0.366279677,2,0, ,                George Washington Memorial Parkway,38.8365,-77.04573,38.84137,-77.04812,                     N,275870,4326,135726076,GWPKWY-NW,AM,6
41915, ,1310441795,135726076,1310261341,0, ,      George Washington Memorial Parkway, ,        United States of America,         Virginia,          Arlington,           Arlington,0.514961375,2,0, ,                George Washington Memorial Parkway,38.84137,-77.04812,38.84865,-77.0482,                     N,275870,4326,1310441795,GWPKWY-NW,AM,7
11595, ,1310261341,1310441795,1310584511,0, ,      George Washington Memorial Parkway, ,        United States of America,         Virginia,          Arlington,           Arlington,0.469980315,2,0, ,                George Washington Memorial Parkway,38.84865,-77.0482,38.85535,-77.04679,                     N,275870,4326,1310261341,GWPKWY-NW,AM,8
65551, ,1310584511,1310261341,1310574832,0, ,      George Washington Memorial Parkway, ,        United States of America,         Virginia,          Arlington,           Arlington,0.411726766,2,0, ,                George Washington Memorial Parkway,38.85535,-77.04679,38.8611,-77.04524,                     N,275870,4326,1310584511,GWPKWY-NW,AM,9
63937, ,1310574832,1310584511,1310419279,0, ,      George Washington Memorial Parkway, ,        United States of America,         Virginia,          Arlington,           Arlington,0.714980762,3,0, ,                George Washington Memorial Parkway,38.8611,-77.04524,38.87001,-77.04073,                     N,275870,4326,1310574832,GWPKWY-NW,AM,10
38443, ,1310419279,1310574832, ,0, ,      George Washington Memorial Parkway, ,        United States of America,         Virginia,          Arlington,           Arlington,0.307106498,2,0, ,                George Washington Memorial Parkway,38.87001,-77.04073,38.87322,-77.04464,                     N,275870,4326,1310419279,GWPKWY-NW,AM,11
18811, ,1310299591,1310543446, ,0, ,      George Washington Memorial Parkway, ,        United States of America,         Virginia,          Arlington,           Arlington,0.169118597,2,0, ,                George Washington Memorial Parkway,38.87322,-77.04464,38.87505,-77.04672,                     N,275870,4326,1310299591,GWPKWY-NW,AM,12
58790, ,1310543446,1310416331,1310299591,0, ,      George Washington Memorial Parkway, ,        United States of America,         Virginia,          Arlington,           Arlington,0.013831723,2,0, ,                George Washington Memorial Parkway,38.87322,-77.04464,38.87336,-77.04483,                     W,275870,4326,1310543446,GWPKWY-NW,AM,13
36388, ,1310406374,1310441592,1310579108,0, ,      George Washington Memorial Parkway, ,        United States of America,         Virginia,          Arlington,           Arlington,0.467320846,2,0, ,                George Washington Memorial Parkway,38.88931,-77.06264,38.89497,-77.06654,                     N,275870,4326,1310406374,GWPKWY-NW,AM,14
64604, ,1310579108,1310406374,1310413279,0, ,      George Washington Memorial Parkway, ,        United States of America,         Virginia,          Arlington,           Arlington,0.776471655,2.169,0, ,                George Washington Memorial Parkway,38.89497,-77.06654,38.9014,-77.07597,                     W,275870,4326,1310579108,GWPKWY-NW,AM,15
37418, ,1310413279,1310579108,1310437133,0, ,      George Washington Memorial Parkway, ,        United States of America,         Virginia,          Arlington,           Arlington,0.296536974,3,0, ,                George Washington Memorial Parkway,38.9014,-77.07597,38.90216,-77.08134,                     W,275870,4326,1310413279,GWPKWY-NW,AM,16
41237, ,1310437133,1310413279,1310437097,0, ,      George Washington Memorial Parkway, ,        United States of America,         Virginia,          Arlington,           Arlington,0.496314026,2,0, ,                George Washington Memorial Parkway,38.90216,-77.08134,38.90353,-77.09033,                     W,275870,4326,1310437133,GWPKWY-NW,AM,17
41230, ,1310437097,1310437133,1310437109,0, ,      George Washington Memorial Parkway, ,        United States of America,         Virginia,          Arlington,           Arlington,0.508101437,2,0, ,                George Washington Memorial Parkway,38.90353,-77.09033,38.90774,-77.09801,                     W,275870,4326,1310437097,GWPKWY-NW,AM,18
41233, ,1310437109,1310437097,1310436875,0, ,      George Washington Memorial Parkway, ,        United States of America,         Virginia,          Arlington,           Arlington,0.675299998,2,0, ,                George Washington Memorial Parkway,38.90774,-77.09801,38.91545,-77.10547,                     N,275870,4326,1310437109,GWPKWY-NW,AM,19
41201, ,1310436875,1310437109,1310436879,0, ,      George Washington Memorial Parkway, ,        United States of America,         Virginia,          Arlington,           Arlington,0.393825061,2,0, ,                George Washington Memorial Parkway,38.91545,-77.10547,38.92051,-77.10876,                     N,275870,4326,1310436875,GWPKWY-NW,AM,20
41202, ,1310436879,1310436875,1310436894,0, ,      George Washington Memorial Parkway, ,        United States of America,         Virginia,          Arlington,           Arlington,0.453414559,2,0, ,                George Washington Memorial Parkway,38.92051,-77.10876,38.92527,-77.11455,                     N,275870,4326,1310436879,GWPKWY-NW,AM,21
41204, ,1310436894,1310436879,1310436851,0, ,      George Washington Memorial Parkway, ,        United States of America,         Virginia,          Arlington,           Arlington,0.740867086,2,0, ,                George Washington Memorial Parkway,38.92527,-77.11455,38.93246,-77.12468,                     W,275870,4326,1310436894,GWPKWY-NW,AM,22
41197, ,1310436851,1310436894,1310436865,0, ,      George Washington Memorial Parkway, ,        United States of America,         Virginia,          Fairfax,           McLean,0.273291478,2,0, ,                George Washington Memorial Parkway,38.93246,-77.12468,38.93379,-77.12943,                     W,275870,4326,1310436851,GWPKWY-NW,AM,23
41199, ,1310436865,1310436851,1310304099,0, ,      George Washington Memorial Parkway, ,        United States of America,         Virginia,          Fairfax,           McLean,0.512326762,2,0, ,                George Washington Memorial Parkway,38.93379,-77.12943,38.93868,-77.13356,                     N,275870,4326,1310436865,GWPKWY-NW,AM,24
19637, ,1310304099,1310436865,1310329441,0, ,      George Washington Memorial Parkway, ,        United States of America,         Virginia,          Fairfax,           McLean,0.133072854,2,0, ,                George Washington Memorial Parkway,38.93868,-77.13356,38.94058,-77.13355,                     N,275870,4326,1310304099,GWPKWY-NW,AM,25
24151, ,1310329441,1310304099,1310329402,0, ,      George Washington Memorial Parkway, ,        United States of America,         Virginia,          Fairfax,           McLean,0.549546896,2,0, ,                George Washington Memorial Parkway,38.94058,-77.13355,38.94785,-77.13702,                     N,275870,4326,1310329441,GWPKWY-NW,AM,26
24143, ,1310329402,1310329441,1310329419,0, ,      George Washington Memorial Parkway, ,        United States of America,         Virginia,          Fairfax,           McLean,0.630219518,2,0, ,                George Washington Memorial Parkway,38.94785,-77.13702,38.95614,-77.14072,                     N,275870,4326,1310329402,GWPKWY-NW,AM,27
24146, ,1310329419,1310329402,1310329379,0, ,      George Washington Memorial Parkway, ,        United States of America,         Virginia,          Fairfax,           McLean,0.196135817,2,0, ,                George Washington Memorial Parkway,38.95614,-77.14072,38.95808,-77.14339,                     W,275870,4326,1310329419,GWPKWY-NW,AM,28
24140, ,1310329379,1310329419,1310329392,0, ,      George Washington Memorial Parkway, ,        United States of America,         Virginia,          Fairfax,           McLean,0.593167154,2,0, ,                George Washington Memorial Parkway,38.95808,-77.14339,38.96192,-77.15309,                     W,275870,4326,1310329379,GWPKWY-NW,AM,29
24144, ,1310329392,1310329379,1310329550,0, ,      George Washington Memorial Parkway, ,        United States of America,         Virginia,          Fairfax,           McLean,0.737331484,2,0, ,                George Washington Memorial Parkway,38.96192,-77.15309,38.96407,-77.16598,                     W,275870,4326,1310329392,GWPKWY-NW,AM,30
24166, ,1310329550,1310329392,1310574103,0, ,      George Washington Memorial Parkway, ,        United States of America,         Virginia,          Fairfax,           McLean,0.53910786,2,0, ,                George Washington Memorial Parkway,38.96407,-77.16598,38.96422,-77.17589,                     W,275870,4326,1310329550,GWPKWY-NW,AM,31
69804, ,1310607513,1310282462,1310339348,0, ,      George Washington Memorial Parkway, ,        United States of America,         Virginia,          Alexandria City,           Alexandria,0.192674779,2,0, ,                George Washington Memorial Parkway,38.81576,-77.04461,38.81853,-77.04421,                     N,219118,4326,1310607513,GWPKWY-NW,PM,1
25629, ,1310339348,1310607513,1310300728,0, ,      George Washington Memorial Parkway, ,        United States of America,         Virginia,          Alexandria City,           Alexandria,0.22004618,2,0, ,                George Washington Memorial Parkway,38.81853,-77.04421,38.8217,-77.0438,                     N,219118,4326,1310339348,GWPKWY-NW,PM,2
19031, ,1310300728,1310339348,135263441,0, ,      George Washington Memorial Parkway, ,        United States of America,         Virginia,          Alexandria City,           Alexandria,0.198751789,2,0, ,                George Washington Memorial Parkway,38.8217,-77.0438,38.82457,-77.04344,                     N,219118,4326,1310300728,GWPKWY-NW,PM,3
2269, ,135263441,1310300728,1310441756,0, ,      George Washington Memorial Parkway, ,        United States of America,         Virginia,          Alexandria City,           Alexandria,0.408874672,2,0, ,                George Washington Memorial Parkway,38.82457,-77.04344,38.83045,-77.04334,                     N,219118,4326,135263441,GWPKWY-NW,PM,4
41910, ,1310441756,135263441,135726076,0, ,      George Washington Memorial Parkway, ,        United States of America,         Virginia,          Alexandria City,           Alexandria,0.442093176,2,0, ,                George Washington Memorial Parkway,38.83045,-77.04334,38.8365,-77.04573,                     N,275870,4326,1310441756,GWPKWY-NW,PM,5
2763, ,135726076,1310441756,1310441795,0, ,      George Washington Memorial Parkway, ,        United States of America,         Virginia,          Alexandria City,           Alexandria,0.366279677,2,0, ,                George Washington Memorial Parkway,38.8365,-77.04573,38.84137,-77.04812,                     N,275870,4326,135726076,GWPKWY-NW,PM,6
41915, ,1310441795,135726076,1310261341,0, ,      George Washington Memorial Parkway, ,        United States of America,         Virginia,          Arlington,           Arlington,0.514961375,2,0, ,                George Washington Memorial Parkway,38.84137,-77.04812,38.84865,-77.0482,                     N,275870,4326,1310441795,GWPKWY-NW,PM,7
11595, ,1310261341,1310441795,1310584511,0, ,      George Washington Memorial Parkway, ,        United States of America,         Virginia,          Arlington,           Arlington,0.469980315,2,0, ,                George Washington Memorial Parkway,38.84865,-77.0482,38.85535,-77.04679,                     N,275870,4326,1310261341,GWPKWY-NW,PM,8
65551, ,1310584511,1310261341,1310574832,0, ,      George Washington Memorial Parkway, ,        United States of America,         Virginia,          Arlington,           Arlington,0.411726766,2,0, ,                George Washington Memorial Parkway,38.85535,-77.04679,38.8611,-77.04524,                     N,275870,4326,1310584511,GWPKWY-NW,PM,9
63937, ,1310574832,1310584511,1310419279,0, ,      George Washington Memorial Parkway, ,        United States of America,         Virginia,          Arlington,           Arlington,0.714980762,3,0, ,                George Washington Memorial Parkway,38.8611,-77.04524,38.87001,-77.04073,                     N,275870,4326,1310574832,GWPKWY-NW,PM,10
38443, ,1310419279,1310574832, ,0, ,      George Washington Memorial Parkway, ,        United States of America,         Virginia,          Arlington,           Arlington,0.307106498,2,0, ,                George Washington Memorial Parkway,38.87001,-77.04073,38.87322,-77.04464,                     N,275870,4326,1310419279,GWPKWY-NW,PM,11
18811, ,1310299591,1310543446, ,0, ,      George Washington Memorial Parkway, ,        United States of America,         Virginia,          Arlington,           Arlington,0.169118597,2,0, ,                George Washington Memorial Parkway,38.87322,-77.04464,38.87505,-77.04672,                     N,275870,4326,1310299591,GWPKWY-NW,PM,12
58790, ,1310543446,1310416331,1310299591,0, ,      George Washington Memorial Parkway, ,        United States of America,         Virginia,          Arlington,           Arlington,0.013831723,2,0, ,                George Washington Memorial Parkway,38.87322,-77.04464,38.87336,-77.04483,                     W,275870,4326,1310543446,GWPKWY-NW,PM,13
36388, ,1310406374,1310441592,1310579108,0, ,      George Washington Memorial Parkway, ,        United States of America,         Virginia,          Arlington,           Arlington,0.467320846,2,0, ,                George Washington Memorial Parkway,38.88931,-77.06264,38.89497,-77.06654,                     N,275870,4326,1310406374,GWPKWY-NW,PM,14
64604, ,1310579108,1310406374,1310413279,0, ,      George Washington Memorial Parkway, ,        United States of America,         Virginia,          Arlington,           Arlington,0.776471655,2.169,0, ,                George Washington Memorial Parkway,38.89497,-77.06654,38.9014,-77.07597,                     W,275870,4326,1310579108,GWPKWY-NW,PM,15
37418, ,1310413279,1310579108,1310437133,0, ,      George Washington Memorial Parkway, ,        United States of America,         Virginia,          Arlington,           Arlington,0.296536974,3,0, ,                George Washington Memorial Parkway,38.9014,-77.07597,38.90216,-77.08134,                     W,275870,4326,1310413279,GWPKWY-NW,PM,16
41237, ,1310437133,1310413279,1310437097,0, ,      George Washington Memorial Parkway, ,        United States of America,         Virginia,          Arlington,           Arlington,0.496314026,2,0, ,                George Washington Memorial Parkway,38.90216,-77.08134,38.90353,-77.09033,                     W,275870,4326,1310437133,GWPKWY-NW,PM,17
41230, ,1310437097,1310437133,1310437109,0, ,      George Washington Memorial Parkway, ,        United States of America,         Virginia,          Arlington,           Arlington,0.508101437,2,0, ,                George Washington Memorial Parkway,38.90353,-77.09033,38.90774,-77.09801,                     W,275870,4326,1310437097,GWPKWY-NW,PM,18
41233, ,1310437109,1310437097,1310436875,0, ,      George Washington Memorial Parkway, ,        United States of America,         Virginia,          Arlington,           Arlington,0.675299998,2,0, ,                George Washington Memorial Parkway,38.90774,-77.09801,38.91545,-77.10547,                     N,275870,4326,1310437109,GWPKWY-NW,PM,19
41201, ,1310436875,1310437109,1310436879,0, ,      George Washington Memorial Parkway, ,        United States of America,         Virginia,          Arlington,           Arlington,0.393825061,2,0, ,                George Washington Memorial Parkway,38.91545,-77.10547,38.92051,-77.10876,                     N,275870,4326,1310436875,GWPKWY-NW,PM,20
41202, ,1310436879,1310436875,1310436894,0, ,      George Washington Memorial Parkway, ,        United States of America,         Virginia,          Arlington,           Arlington,0.453414559,2,0, ,                George Washington Memorial Parkway,38.92051,-77.10876,38.92527,-77.11455,                     N,275870,4326,1310436879,GWPKWY-NW,PM,21
41204, ,1310436894,1310436879,1310436851,0, ,      George Washington Memorial Parkway, ,        United States of America,         Virginia,          Arlington,           Arlington,0.740867086,2,0, ,                George Washington Memorial Parkway,38.92527,-77.11455,38.93246,-77.12468,                     W,275870,4326,1310436894,GWPKWY-NW,PM,22
41197, ,1310436851,1310436894,1310436865,0, ,      George Washington Memorial Parkway, ,        United States of America,         Virginia,          Fairfax,           McLean,0.273291478,2,0, ,                George Washington Memorial Parkway,38.93246,-77.12468,38.93379,-77.12943,                     W,275870,4326,1310436851,GWPKWY-NW,PM,23
41199, ,1310436865,1310436851,1310304099,0, ,      George Washington Memorial Parkway, ,        United States of America,         Virginia,          Fairfax,           McLean,0.512326762,2,0, ,                George Washington Memorial Parkway,38.93379,-77.12943,38.93868,-77.13356,                     N,275870,4326,1310436865,GWPKWY-NW,PM,24
19637, ,1310304099,1310436865,1310329441,0, ,      George Washington Memorial Parkway, ,        United States of America,         Virginia,          Fairfax,           McLean,0.133072854,2,0, ,                George Washington Memorial Parkway,38.93868,-77.13356,38.94058,-77.13355,                     N,275870,4326,1310304099,GWPKWY-NW,PM,25
24151, ,1310329441,1310304099,1310329402,0, ,      George Washington Memorial Parkway, ,        United States of America,         Virginia,          Fairfax,           McLean,0.549546896,2,0, ,                George Washington Memorial Parkway,38.94058,-77.13355,38.94785,-77.13702,                     N,275870,4326,1310329441,GWPKWY-NW,PM,26
24143, ,1310329402,1310329441,1310329419,0, ,      George Washington Memorial Parkway, ,        United States of America,         Virginia,          Fairfax,           McLean,0.630219518,2,0, ,                George Washington Memorial Parkway,38.94785,-77.13702,38.95614,-77.14072,                     N,275870,4326,1310329402,GWPKWY-NW,PM,27
24146, ,1310329419,1310329402,1310329379,0, ,      George Washington Memorial Parkway, ,        United States of America,         Virginia,          Fairfax,           McLean,0.196135817,2,0, ,                George Washington Memorial Parkway,38.95614,-77.14072,38.95808,-77.14339,                     W,275870,4326,1310329419,GWPKWY-NW,PM,28
24140, ,1310329379,1310329419,1310329392,0, ,      George Washington Memorial Parkway, ,        United States of America,         Virginia,          Fairfax,           McLean,0.593167154,2,0, ,                George Washington Memorial Parkway,38.95808,-77.14339,38.96192,-77.15309,                     W,275870,4326,1310329379,GWPKWY-NW,PM,29
24144, ,1310329392,1310329379,1310329550,0, ,      George Washington Memorial Parkway, ,        United States of America,         Virginia,          Fairfax,           McLean,0.737331484,2,0, ,                George Washington Memorial Parkway,38.96192,-77.15309,38.96407,-77.16598,                     W,275870,4326,1310329392,GWPKWY-NW,PM,30
24166, ,1310329550,1310329392,1310574103,0, ,      George Washington Memorial Parkway, ,        United States of America,         Virginia,          Fairfax,           McLean,0.53910786,2,0, ,                George Washington Memorial Parkway,38.96407,-77.16598,38.96422,-77.17589,                     W,275870,4326,1310329550,GWPKWY-NW,PM,31
55010, ,1310520376,1310365779,1310520339,0, ,      George Washington Memorial Parkway, ,        United States of America,         Virginia,          Fairfax,           McLean,0.525822944,2,0, ,                George Washington Memorial Parkway,38.96408,-77.17578,38.96385,-77.16611,                     E,1969300,4326,1310520376,GWPKWY-SE,AM,1
55005, ,1310520339,1310520376,1310520352,0, ,      George Washington Memorial Parkway, ,        United States of America,         Virginia,          Fairfax,           McLean,0.526475384,2,0, ,                George Washington Memorial Parkway,38.96385,-77.16611,38.963,-77.15676,                     E,1969300,4326,1310520339,GWPKWY-SE,AM,2
29871, ,1310365779,1310365844,1310520376,0, ,      George Washington Memorial Parkway, ,        United States of America,         Virginia,          Fairfax,           McLean,0.155106677,2,0, ,                George Washington Memorial Parkway,38.96344,-77.17854,38.96408,-77.17578,                     E,2059992,4326,1310365779,GWPKWY-SE,AM,3
55007, ,1310520352,1310520339,1310520115,0, ,      George Washington Memorial Parkway, ,        United States of America,         Virginia,          Fairfax,           McLean,0.64316268,2,0, ,                George Washington Memorial Parkway,38.963,-77.15676,38.95947,-77.14577,                     E,1969300,4326,1310520352,GWPKWY-SE,AM,4
54962, ,1310520115,1310520352,1310520126,0, ,      George Washington Memorial Parkway, ,        United States of America,         Virginia,          Fairfax,           McLean,0.329693341,2,0, ,                George Washington Memorial Parkway,38.95947,-77.14577,38.95628,-77.14121,                     E,1969300,4326,1310520115,GWPKWY-SE,AM,5
54964, ,1310520126,1310520115,1310520089,0, ,      George Washington Memorial Parkway, ,        United States of America,         Virginia,          Fairfax,           McLean,0.608055207,2,0, ,                George Washington Memorial Parkway,38.95628,-77.14121,38.94834,-77.13742,                     S,1969300,4326,1310520126,GWPKWY-SE,AM,6
54957, ,1310520089,1310520126,1310323648,0, ,      George Washington Memorial Parkway, ,        United States of America,         Virginia,          Fairfax,           McLean,0.537187823,2,0, ,                George Washington Memorial Parkway,38.94834,-77.13742,38.94122,-77.13419,                     S,1969300,4326,1310520089,GWPKWY-SE,AM,7
23117, ,1310323648,1310520089,1310389567,0, ,      George Washington Memorial Parkway, ,        United States of America,         Virginia,          Fairfax,           McLean,0.136912928,2,0, ,                George Washington Memorial Parkway,38.94122,-77.13419,38.93935,-77.13351,                     S,1969300,4326,1310323648,GWPKWY-SE,AM,8
33664, ,1310389567,1310323648,1310263844,0, ,      George Washington Memorial Parkway, ,        United States of America,         Virginia,          Fairfax,           McLean,0.017970055,3,0, ,                George Washington Memorial Parkway,38.93935,-77.13351,38.93909,-77.13356,                     S,1969300,4326,1310389567,GWPKWY-SE,AM,9
12066, ,1310263844,1310389567,1310400660,0, ,      George Washington Memorial Parkway, ,        United States of America,         Virginia,          Fairfax,           McLean,0.154715213,1.15,0, ,                George Washington Memorial Parkway,38.9389,-77.13361,38.93676,-77.13442,                     S,1969300,4326,1310263844,GWPKWY-SE,AM,10
35424, ,1310400660,1310263844,1310400673,0, ,      George Washington Memorial Parkway, ,        United States of America,         Virginia,          Fairfax,           McLean,0.742712558,2,0, ,                George Washington Memorial Parkway,38.93676,-77.13442,38.93176,-77.12349,                     E,1969300,4326,1310400660,GWPKWY-SE,AM,11
35426, ,1310400673,1310400660,1310400637,0, ,      George Washington Memorial Parkway, ,        United States of America,         Virginia,          Arlington,           Arlington,0.624117653,2,0, ,                George Washington Memorial Parkway,38.93176,-77.12349,38.92562,-77.11502,                     E,1969300,4326,1310400673,GWPKWY-SE,AM,12
35420, ,1310400637,1310400673,1310400645,0, ,      George Washington Memorial Parkway, ,        United States of America,         Virginia,          Arlington,           Arlington,0.649270759,2,0, ,                George Washington Memorial Parkway,38.92562,-77.11502,38.9185,-77.10725,                     S,1969300,4326,1310400637,GWPKWY-SE,AM,13
35422, ,1310400645,1310400637,1310400407,0, ,      George Washington Memorial Parkway, ,        United States of America,         Virginia,          Arlington,           Arlington,0.65175003,2,0, ,                George Washington Memorial Parkway,38.9185,-77.10725,38.91034,-77.10152,                     S,1969300,4326,1310400645,GWPKWY-SE,AM,14
35394, ,1310400407,1310400645,1310400420,0, ,      George Washington Memorial Parkway, ,        United States of America,         Virginia,          Arlington,           Arlington,0.65181838,2,0, ,                George Washington Memorial Parkway,38.91034,-77.10152,38.90419,-77.09238,                     E,1969300,4326,1310400407,GWPKWY-SE,AM,15
35397, ,1310400420,1310400407,1310296360,0, ,      George Washington Memorial Parkway, ,        United States of America,         Virginia,          Arlington,           Arlington,0.640335441,2,0, ,                George Washington Memorial Parkway,38.90419,-77.09238,38.90134,-77.08116,                     E,1969300,4326,1310400420,GWPKWY-SE,AM,16
18288, ,1310296360,1310400420,1310342430,0, ,      George Washington Memorial Parkway, ,        United States of America,         Virginia,          Arlington,           Arlington,0.567032281,2.33,0, ,                George Washington Memorial Parkway,38.90134,-77.08116,38.90069,-77.07085,                     E,1969300,4326,1310296360,GWPKWY-SE,AM,17
26189, ,1310342430,1310296360,1310453752,0, ,      George Washington Memorial Parkway, ,        United States of America,         Virginia,          Arlington,           Arlington,0.465916547,2.15,0, ,                George Washington Memorial Parkway,38.90069,-77.07085,38.89513,-77.06677,                     S,1969300,4326,1310342430,GWPKWY-SE,AM,18
43833, ,1310453752,1310342430,1310505083,0, ,      George Washington Memorial Parkway, ,        United States of America,         Virginia,          Arlington,           Arlington,0.588761632,2,0, ,                George Washington Memorial Parkway,38.89513,-77.06677,38.88702,-77.06355,                     S,1969300,4326,1310453752,GWPKWY-SE,AM,19
52517, ,1310505083,1310453752,1310542021,0, ,      George Washington Memorial Parkway, ,        United States of America,         Virginia,          Arlington,           Arlington,0.224538694,2,0, ,                George Washington Memorial Parkway,38.88702,-77.06355,38.88418,-77.06155,                     S,1969300,4326,1310505083,GWPKWY-SE,AM,20
58525, ,1310542021,1310505083,1310574748,0, ,      George Washington Memorial Parkway, ,        United States of America,         Virginia,          Arlington,           Arlington,0.189070826,2,0, ,                George Washington Memorial Parkway,38.88418,-77.06155,38.88168,-77.06013,                     S,1969300,4326,1310542021,GWPKWY-SE,AM,21
44265, ,1310456468,1310433484,1310489647,0, ,      George Washington Memorial Parkway, ,        United States of America,         Virginia,          Arlington,           Arlington,0.174300833,2,0, ,                George Washington Memorial Parkway,38.87461,-77.04645,38.87273,-77.04429,                     S,1969300,4326,1310456468,GWPKWY-SE,AM,22
49763, ,1310489647,1310456468,1310299624,0, ,      George Washington Memorial Parkway, ,        United States of America,         Virginia,          Arlington,           Arlington,0.108764813,2.549,0, ,                George Washington Memorial Parkway,38.87326,-77.04492,38.87216,-77.04347,                     E,1969300,4326,1310489647,GWPKWY-SE,AM,23
18815, ,1310299624,1310489647,1310292897,0, ,      George Washington Memorial Parkway, ,        United States of America,         Virginia,          Arlington,           Arlington,0.145214448,3,0, ,                George Washington Memorial Parkway,38.87216,-77.04347,38.87066,-77.04158,                     S,1969300,4326,1310299624,GWPKWY-SE,AM,24
17663, ,1310292897,1310299624,1310584525,0, ,      George Washington Memorial Parkway, ,        United States of America,         Virginia,          Arlington,           Arlington,0.766138252,3,0, ,                George Washington Memorial Parkway,38.87066,-77.04158,38.86119,-77.04538,                     S,1969300,4326,1310292897,GWPKWY-SE,AM,25
65554, ,1310584525,1310292897,1310264486,0, ,      George Washington Memorial Parkway, ,        United States of America,         Virginia,          Arlington,           Arlington,0.831444365,2,0, ,                George Washington Memorial Parkway,38.86119,-77.04538,38.84944,-77.0481,                     S,1969300,4326,1310584525,GWPKWY-SE,AM,26
12171, ,1310264486,1310584525,1310368688,0, ,      George Washington Memorial Parkway, ,        United States of America,         Virginia,          Arlington,           Arlington,0.358437972,2,0, ,                George Washington Memorial Parkway,38.84944,-77.0481,38.84434,-77.04919,                     S,1969300,4326,1310264486,GWPKWY-SE,AM,27
30367, ,1310368688,1310264486,1310383847,0, ,      George Washington Memorial Parkway, ,        United States of America,         Virginia,          Alexandria City,           Alexandria,0.839795593,2,0, ,                George Washington Memorial Parkway,38.84434,-77.04919,38.83282,-77.04497,                     S,1969300,4326,1310368688,GWPKWY-SE,AM,28
32687, ,1310383847,1310368688,1310227256,0, ,      George Washington Memorial Parkway, ,        United States of America,         Virginia,          Alexandria City,           Alexandria,0.601350612,2,0, ,                George Washington Memorial Parkway,38.83282,-77.04497,38.82429,-77.0436,                     S,265385,4326,1310383847,GWPKWY-SE,AM,29
5282, ,1310227256,1310383847,1310227266,0, ,      George Washington Memorial Parkway, ,        United States of America,         Virginia,          Alexandria City,           Alexandria,0.180483476,2,0, ,                George Washington Memorial Parkway,38.82429,-77.0436,38.82169,-77.04393,                     S,265385,4326,1310227256,GWPKWY-SE,AM,30
27014, ,1310347752, ,1310402428,0, ,      George Washington Memorial Parkway, ,        United States of America,         Virginia,          Alexandria City,           Alexandria,0.180483476,2,0, ,                George Washington Memorial Parkway,38.82429,-77.0436,38.82169,-77.04393,                     S,2044017,4326,1310347752,GWPKWY-SE,AM,31
5284, ,1310227266,1310227256,1310351704,0, ,      George Washington Memorial Parkway, ,        United States of America,         Virginia,          Alexandria City,           Alexandria,0.218362264,2,0, ,                George Washington Memorial Parkway,38.82169,-77.04393,38.81855,-77.04432,                     S,265385,4326,1310227266,GWPKWY-SE,AM,32
30607, ,1310370142,1310481538,1310290329,0, ,      George Washington Memorial Parkway, ,        United States of America,         Virginia,          Alexandria City,           Alexandria,0.001783335,2,0, ,                George Washington Memorial Parkway,38.81857,-77.04432,38.81855,-77.04432,                     S,256985,4326,1310370142,GWPKWY-SE,AM,33
27586, ,1310351704,1310227266,1310282497,0, ,      George Washington Memorial Parkway, ,        United States of America,         Virginia,          Alexandria City,           Alexandria,0.200920375,2,0, ,                George Washington Memorial Parkway,38.81855,-77.04432,38.81566,-77.04477,                     S,265385,4326,1310351704,GWPKWY-SE,AM,34
55010, ,1310520376,1310365779,1310520339,0, ,      George Washington Memorial Parkway, ,        United States of America,         Virginia,          Fairfax,           McLean,0.525822944,2,0, ,                George Washington Memorial Parkway,38.96408,-77.17578,38.96385,-77.16611,                     E,1969300,4326,1310520376,GWPKWY-SE,PM,1
55005, ,1310520339,1310520376,1310520352,0, ,      George Washington Memorial Parkway, ,        United States of America,         Virginia,          Fairfax,           McLean,0.526475384,2,0, ,                George Washington Memorial Parkway,38.96385,-77.16611,38.963,-77.15676,                     E,1969300,4326,1310520339,GWPKWY-SE,PM,2
29871, ,1310365779,1310365844,1310520376,0, ,      George Washington Memorial Parkway, ,        United States of America,         Virginia,          Fairfax,           McLean,0.155106677,2,0, ,                George Washington Memorial Parkway,38.96344,-77.17854,38.96408,-77.17578,                     E,2059992,4326,1310365779,GWPKWY-SE,PM,3
55007, ,1310520352,1310520339,1310520115,0, ,      George Washington Memorial Parkway, ,        United States of America,         Virginia,          Fairfax,           McLean,0.64316268,2,0, ,                George Washington Memorial Parkway,38.963,-77.15676,38.95947,-77.14577,                     E,1969300,4326,1310520352,GWPKWY-SE,PM,4
54962, ,1310520115,1310520352,1310520126,0, ,      George Washington Memorial Parkway, ,        United States of America,         Virginia,          Fairfax,           McLean,0.329693341,2,0, ,                George Washington Memorial Parkway,38.95947,-77.14577,38.95628,-77.14121,                     E,1969300,4326,1310520115,GWPKWY-SE,PM,5
54964, ,1310520126,1310520115,1310520089,0, ,      George Washington Memorial Parkway, ,        United States of America,         Virginia,          Fairfax,           McLean,0.608055207,2,0, ,                George Washington Memorial Parkway,38.95628,-77.14121,38.94834,-77.13742,                     S,1969300,4326,1310520126,GWPKWY-SE,PM,6
54957, ,1310520089,1310520126,1310323648,0, ,      George Washington Memorial Parkway, ,        United States of America,         Virginia,          Fairfax,           McLean,0.537187823,2,0, ,                George Washington Memorial Parkway,38.94834,-77.13742,38.94122,-77.13419,                     S,1969300,4326,1310520089,GWPKWY-SE,PM,7
23117, ,1310323648,1310520089,1310389567,0, ,      George Washington Memorial Parkway, ,        United States of America,         Virginia,          Fairfax,           McLean,0.136912928,2,0, ,                George Washington Memorial Parkway,38.94122,-77.13419,38.93935,-77.13351,                     S,1969300,4326,1310323648,GWPKWY-SE,PM,8
33664, ,1310389567,1310323648,1310263844,0, ,      George Washington Memorial Parkway, ,        United States of America,         Virginia,          Fairfax,           McLean,0.017970055,3,0, ,                George Washington Memorial Parkway,38.93935,-77.13351,38.93909,-77.13356,                     S,1969300,4326,1310389567,GWPKWY-SE,PM,9
12066, ,1310263844,1310389567,1310400660,0, ,      George Washington Memorial Parkway, ,        United States of America,         Virginia,          Fairfax,           McLean,0.154715213,1.15,0, ,                George Washington Memorial Parkway,38.9389,-77.13361,38.93676,-77.13442,                     S,1969300,4326,1310263844,GWPKWY-SE,PM,10
35424, ,1310400660,1310263844,1310400673,0, ,      George Washington Memorial Parkway, ,        United States of America,         Virginia,          Fairfax,           McLean,0.742712558,2,0, ,                George Washington Memorial Parkway,38.93676,-77.13442,38.93176,-77.12349,                     E,1969300,4326,1310400660,GWPKWY-SE,PM,11
35426, ,1310400673,1310400660,1310400637,0, ,      George Washington Memorial Parkway, ,        United States of America,         Virginia,          Arlington,           Arlington,0.624117653,2,0, ,                George Washington Memorial Parkway,38.93176,-77.12349,38.92562,-77.11502,                     E,1969300,4326,1310400673,GWPKWY-SE,PM,12
35420, ,1310400637,1310400673,1310400645,0, ,      George Washington Memorial Parkway, ,        United States of America,         Virginia,          Arlington,           Arlington,0.649270759,2,0, ,                George Washington Memorial Parkway,38.92562,-77.11502,38.9185,-77.10725,                     S,1969300,4326,1310400637,GWPKWY-SE,PM,13
35422, ,1310400645,1310400637,1310400407,0, ,      George Washington Memorial Parkway, ,        United States of America,         Virginia,          Arlington,           Arlington,0.65175003,2,0, ,                George Washington Memorial Parkway,38.9185,-77.10725,38.91034,-77.10152,                     S,1969300,4326,1310400645,GWPKWY-SE,PM,14
35394, ,1310400407,1310400645,1310400420,0, ,      George Washington Memorial Parkway, ,        United States of America,         Virginia,          Arlington,           Arlington,0.65181838,2,0, ,                George Washington Memorial Parkway,38.91034,-77.10152,38.90419,-77.09238,                     E,1969300,4326,1310400407,GWPKWY-SE,PM,15
35397, ,1310400420,1310400407,1310296360,0, ,      George Washington Memorial Parkway, ,        United States of America,         Virginia,          Arlington,           Arlington,0.640335441,2,0, ,                George Washington Memorial Parkway,38.90419,-77.09238,38.90134,-77.08116,                     E,1969300,4326,1310400420,GWPKWY-SE,PM,16
18288, ,1310296360,1310400420,1310342430,0, ,      George Washington Memorial Parkway, ,        United States of America,         Virginia,          Arlington,           Arlington,0.567032281,2.33,0, ,                George Washington Memorial Parkway,38.90134,-77.08116,38.90069,-77.07085,                     E,1969300,4326,1310296360,GWPKWY-SE,PM,17
26189, ,1310342430,1310296360,1310453752,0, ,      George Washington Memorial Parkway, ,        United States of America,         Virginia,          Arlington,           Arlington,0.465916547,2.15,0, ,                George Washington Memorial Parkway,38.90069,-77.07085,38.89513,-77.06677,                     S,1969300,4326,1310342430,GWPKWY-SE,PM,18
43833, ,1310453752,1310342430,1310505083,0, ,      George Washington Memorial Parkway, ,        United States of America,         Virginia,          Arlington,           Arlington,0.588761632,2,0, ,                George Washington Memorial Parkway,38.89513,-77.06677,38.88702,-77.06355,                     S,1969300,4326,1310453752,GWPKWY-SE,PM,19
52517, ,1310505083,1310453752,1310542021,0, ,      George Washington Memorial Parkway, ,        United States of America,         Virginia,          Arlington,           Arlington,0.224538694,2,0, ,                George Washington Memorial Parkway,38.88702,-77.06355,38.88418,-77.06155,                     S,1969300,4326,1310505083,GWPKWY-SE,PM,20
58525, ,1310542021,1310505083,1310574748,0, ,      George Washington Memorial Parkway, ,        United States of America,         Virginia,          Arlington,           Arlington,0.189070826,2,0, ,                George Washington Memorial Parkway,38.88418,-77.06155,38.88168,-77.06013,                     S,1969300,4326,1310542021,GWPKWY-SE,PM,21
44265, ,1310456468,1310433484,1310489647,0, ,      George Washington Memorial Parkway, ,        United States of America,         Virginia,          Arlington,           Arlington,0.174300833,2,0, ,                George Washington Memorial Parkway,38.87461,-77.04645,38.87273,-77.04429,                     S,1969300,4326,1310456468,GWPKWY-SE,PM,22
49763, ,1310489647,1310456468,1310299624,0, ,      George Washington Memorial Parkway, ,        United States of America,         Virginia,          Arlington,           Arlington,0.108764813,2.549,0, ,                George Washington Memorial Parkway,38.87326,-77.04492,38.87216,-77.04347,                     E,1969300,4326,1310489647,GWPKWY-SE,PM,23
18815, ,1310299624,1310489647,1310292897,0, ,      George Washington Memorial Parkway, ,        United States of America,         Virginia,          Arlington,           Arlington,0.145214448,3,0, ,                George Washington Memorial Parkway,38.87216,-77.04347,38.87066,-77.04158,                     S,1969300,4326,1310299624,GWPKWY-SE,PM,24
17663, ,1310292897,1310299624,1310584525,0, ,      George Washington Memorial Parkway, ,        United States of America,         Virginia,          Arlington,           Arlington,0.766138252,3,0, ,                George Washington Memorial Parkway,38.87066,-77.04158,38.86119,-77.04538,                     S,1969300,4326,1310292897,GWPKWY-SE,PM,25
65554, ,1310584525,1310292897,1310264486,0, ,      George Washington Memorial Parkway, ,        United States of America,         Virginia,          Arlington,           Arlington,0.831444365,2,0, ,                George Washington Memorial Parkway,38.86119,-77.04538,38.84944,-77.0481,                     S,1969300,4326,1310584525,GWPKWY-SE,PM,26
12171, ,1310264486,1310584525,1310368688,0, ,      George Washington Memorial Parkway, ,        United States of America,         Virginia,          Arlington,           Arlington,0.358437972,2,0, ,                George Washington Memorial Parkway,38.84944,-77.0481,38.84434,-77.04919,                     S,1969300,4326,1310264486,GWPKWY-SE,PM,27
30367, ,1310368688,1310264486,1310383847,0, ,      George Washington Memorial Parkway, ,        United States of America,         Virginia,          Alexandria City,           Alexandria,0.839795593,2,0, ,                George Washington Memorial Parkway,38.84434,-77.04919,38.83282,-77.04497,                     S,1969300,4326,1310368688,GWPKWY-SE,PM,28
32687, ,1310383847,1310368688,1310227256,0, ,      George Washington Memorial Parkway, ,        United States of America,         Virginia,          Alexandria City,           Alexandria,0.601350612,2,0, ,                George Washington Memorial Parkway,38.83282,-77.04497,38.82429,-77.0436,                     S,265385,4326,1310383847,GWPKWY-SE,PM,29
5282, ,1310227256,1310383847,1310227266,0, ,      George Washington Memorial Parkway, ,        United States of America,         Virginia,          Alexandria City,           Alexandria,0.180483476,2,0, ,                George Washington Memorial Parkway,38.82429,-77.0436,38.82169,-77.04393,                     S,265385,4326,1310227256,GWPKWY-SE,PM,30
27014, ,1310347752, ,1310402428,0, ,      George Washington Memorial Parkway, ,        United States of America,         Virginia,          Alexandria City,           Alexandria,0.180483476,2,0, ,                George Washington Memorial Parkway,38.82429,-77.0436,38.82169,-77.04393,                     S,2044017,4326,1310347752,GWPKWY-SE,PM,31
5284, ,1310227266,1310227256,1310351704,0, ,      George Washington Memorial Parkway, ,        United States of America,         Virginia,          Alexandria City,           Alexandria,0.218362264,2,0, ,                George Washington Memorial Parkway,38.82169,-77.04393,38.81855,-77.04432,                     S,265385,4326,1310227266,GWPKWY-SE,PM,32
30607, ,1310370142,1310481538,1310290329,0, ,      George Washington Memorial Parkway, ,        United States of America,         Virginia,          Alexandria City,           Alexandria,0.001783335,2,0, ,                George Washington Memorial Parkway,38.81857,-77.04432,38.81855,-77.04432,                     S,256985,4326,1310370142,GWPKWY-SE,PM,33
27586, ,1310351704,1310227266,1310282497,0, ,      George Washington Memorial Parkway, ,        United States of America,         Virginia,          Alexandria City,           Alexandria,0.200920375,2,0, ,                George Washington Memorial Parkway,38.81855,-77.04432,38.81566,-77.04477,                     S,265385,4326,1310351704,GWPKWY-SE,PM,34
