"Loudoun County, NOVA","Capital Hill, DC",AM,US-50-EB,11.317615170433214,0.0
"Loudoun County, NOVA","Capital Hill, DC",AM,I-66-EB,8.438205380314443,0.0
"Loudoun County, NOVA","Capital Hill, DC",AM,I-66-WB,0.827003474543656,0.4082350921264992
"Loudoun County, NOVA","Capital Hill, DC",AM,US-29-NB,1.1435694571299535,0.2528022343434708
"Loudoun County, NOVA","Capital Hill, DC",PM,I-66-WB,4.3080733463083325,1.646827788470695e-05
"Loudoun County, NOVA","Capital Hill, DC",PM,US-29-NB-TZ1-2_I-66-EB-TZ3-4,2.094639272260427,0.036203071348527294
"Loudoun County, NOVA","Arlington, DC",AM,I-66-EB,9.190753396465883,0.0
"Loudoun County, NOVA","Arlington, DC",AM,US-50-EB,9.07436016834389,0.0
"Loudoun County, NOVA","Arlington, DC",AM,US-29-NB,2.1380058210301445,0.032516270793544244
"Loudoun County, NOVA","Arlington, DC",PM,I-66-WB,0.46775470858641743,0.6399600128441523
"Loudoun County, NOVA","Arlington, DC",PM,US-29-NB-TZ1-2_I-66-EB-TZ3-4,2.1380058210301445,0.032516270793544244
"Loudoun County, NOVA","Alexandria, DC",AM,I-66-EB,15.736219538006793,0.0
"Loudoun County, NOVA","Alexandria, DC",AM,US-50-EB,0.913338143185383,0.36106472733753625
"Loudoun County, NOVA","Alexandria, DC",AM,US-29-NB,0.5018777680947789,0.615753504651942
"Loudoun County, NOVA","Alexandria, DC",PM,I-66-EB,0.7062903875966272,0.480007569946177
"Loudoun County, NOVA","Alexandria, DC",PM,I-66-WB,0.7062903875966272,0.480007569946177
"Loudoun County, NOVA","Alexandria, DC",PM,US-29-NB-TZ1-2_I-66-EB-TZ3-4,1.4160117486236334,0.15677206467924343
"Loudoun County, NOVA","Maryland, DC",AM,I-66-EB,14.760048703658173,0.0
"Loudoun County, NOVA","Maryland, DC",AM,US-50-EB,9.227015623062195,0.0
"Loudoun County, NOVA","Maryland, DC",AM,I-66-WB,3.785170456492902,0.00015360325789925966
"Loudoun County, NOVA","Maryland, DC",AM,US-29-NB,3.6502764245130104,0.00026195824110075705
"Loudoun County, NOVA","Maryland, DC",AM,US-50-WB,0.26438382185535664,0.7914841764457539
"Loudoun County, NOVA","Maryland, DC",AM,US-29-NB-TZ1_I-66-EB-TZ2-3-4,0.18694649802041693,0.851702581660412
"Loudoun County, NOVA","Maryland, DC",AM,I-66-EB-TZ1-2-3_US-29-NB-TZ4,1.6936764554327788,0.09032678085478318
"Loudoun County, NOVA","Maryland, DC",AM,I-66-EB-TZ1-2_US-29-NB-TZ3-4,0.18694649802041693,0.851702581660412
"Loudoun County, NOVA","Maryland, DC",PM,US-50-WB,0.18694649802041693,0.851702581660412
"Loudoun County, NOVA","Maryland, DC",PM,I-66-EB,0.18694649802041693,0.851702581660412
"Loudoun County, NOVA","Maryland, DC",PM,US-50-EB,0.18694649802041693,0.851702581660412
"Loudoun County, NOVA","Maryland, DC",PM,US-50-EB-TZ1-2_I-66-EB-TZ3-4,0.18694649802041693,0.851702581660412
"Loudoun County, NOVA","Maryland, DC",PM,I-66-WB,1.6833076097324144,0.09231555804343716
"Loudoun County, NOVA","Maryland, DC",PM,US-29-NB-TZ1-2_I-66-EB-TZ3-4,5.349186680345476,8.835037279553148e-08
"Loudoun County, NOVA","Tysons, DC",AM,I-66-EB,13.219212240699497,0.0
"Loudoun County, NOVA","Tysons, DC",AM,US-50-EB,7.0174393570683335,2.2597479443220436e-12
"Loudoun County, NOVA","Tysons, DC",AM,US-29-NB,0.9329472064909585,0.35084722716847594
"Loudoun County, NOVA","Tysons, DC",PM,US-29-NB-TZ1-2_I-66-EB-TZ3-4,0.9329472064909585,0.35084722716847594
"Loudoun County, NOVA","Fort Hunt and Belvoir, DC",AM,I-66-EB,9.020509801615145,0.0
"Loudoun County, NOVA","Fort Hunt and Belvoir, DC",AM,US-29-NB,0.6908900331357455,0.48963465006504525
"Loudoun County, NOVA","Fort Hunt and Belvoir, DC",AM,US-50-EB,8.59669237663495,0.0
"Loudoun County, NOVA","Fort Hunt and Belvoir, DC",PM,US-29-NB-TZ1-2_I-66-EB-TZ3-4,1.6014956065932908,0.10926719232205584
"Loudoun County, NOVA","Springfield, DC",AM,US-50-EB,13.150027789580587,0.0
"Loudoun County, NOVA","Springfield, DC",AM,US-29-NB,0.5238162768940928,0.6004063311731938
"Loudoun County, NOVA","Springfield, DC",AM,I-66-EB,10.119683017603904,0.0
"Loudoun County, NOVA","Springfield, DC",PM,US-29-NB-TZ1-2_I-66-EB-TZ3-4,1.4368108100695771,0.15077175794524877
"Loudoun County, NOVA","Annandale, DC",AM,I-66-EB,8.236139421606037,2.220446049250313e-16
"Loudoun County, NOVA","Annandale, DC",AM,US-50-EB,0.15765297411980383,0.8747302581804417
"Loudoun County, NOVA","Annandale, DC",AM,US-29-NB,0.9486236228723137,0.34281207197247543
"Loudoun County, NOVA","Annandale, DC",PM,US-29-NB-TZ1-2_I-66-EB-TZ3-4,0.9486236228723137,0.34281207197247543
"Faquire, NOVA","Capital Hill, DC",AM,I-66-EB,0.34605990329820147,0.7292976963125612
"Faquire, NOVA","Capital Hill, DC",AM,US-50-EB,2.684795283183196,0.007257424370472165
"Faquire, NOVA","Capital Hill, DC",AM,US-29-NB,0.26413228329414107,0.7916779884789698
"Faquire, NOVA","Capital Hill, DC",PM,US-29-NB-TZ1-2_I-66-EB-TZ3-4,0.26413228329414107,0.7916779884789698
"Faquire, NOVA","Arlington, DC",AM,US-50-EB,2.208870035671501,0.027183681922143155
"Faquire, NOVA","Arlington, DC",AM,I-66-EB,0.6836374969958945,0.4942041006227327
"Faquire, NOVA","Arlington, DC",AM,US-29-NB,0.20578097716340757,0.8369620012138557
"Faquire, NOVA","Arlington, DC",PM,US-29-NB-TZ1-2_I-66-EB-TZ3-4,0.20578097716340757,0.8369620012138557
"Faquire, NOVA","Alexandria, DC",AM,US-50-EB,2.3201486910998694,0.02033283510134498
"Faquire, NOVA","Alexandria, DC",AM,I-66-EB,0.7141553922450848,0.475131096906072
"Faquire, NOVA","Alexandria, DC",AM,US-29-NB,0.20578097716340757,0.8369620012138557
"Faquire, NOVA","Alexandria, DC",PM,US-29-NB-TZ1-2_I-66-EB-TZ3-4,0.20578097716340757,0.8369620012138557
"Faquire, NOVA","Maryland, DC",AM,I-66-EB,20.47395461364473,0.0
"Faquire, NOVA","Maryland, DC",AM,I-66-EB-TZ1-2_US-29-NB-TZ3-4,1.6762117464912285,0.09369672415819141
"Faquire, NOVA","Maryland, DC",AM,US-50-EB,6.828600349566786,8.574696508389934e-12
"Faquire, NOVA","Maryland, DC",AM,US-29-NB,0.7634022989482959,0.4452235093081822
"Faquire, NOVA","Maryland, DC",PM,US-29-NB-TZ1-2_I-66-EB-TZ3-4,0.5967360346634283,0.5506836301284417
"Faquire, NOVA","Tysons, DC",AM,I-66-EB,69.49118957851171,0.0
"Faquire, NOVA","Tysons, DC",AM,US-50-EB,1.5032490095592643,0.13277484366656944
"Faquire, NOVA","Tysons, DC",AM,US-29-NB,0.12216913266099506,0.902765071872464
"Faquire, NOVA","Tysons, DC",PM,US-29-NB-TZ1-2_I-66-EB-TZ3-4,0.12216913266099506,0.902765071872464
"Faquire, NOVA","Fort Hunt and Belvoir, DC",AM,US-50-EB,2.103999270606187,0.03537851063529174
"Faquire, NOVA","Fort Hunt and Belvoir, DC",AM,I-66-EB,0.6387768208430351,0.522968129303244
"Faquire, NOVA","Fort Hunt and Belvoir, DC",AM,US-29-NB,0.16454083089049074,0.8693054063387817
"Faquire, NOVA","Fort Hunt and Belvoir, DC",PM,US-29-NB-TZ1-2_I-66-EB-TZ3-4,0.16454083089049074,0.8693054063387817
"Faquire, NOVA","Springfield, DC",AM,I-66-EB,0.6549290445085282,0.5125134391582635
"Faquire, NOVA","Springfield, DC",AM,US-50-EB,2.381859530407884,0.017225466736714212
"Faquire, NOVA","Springfield, DC",AM,US-29-NB,0.17966665777639346,0.8574142706793952
"Faquire, NOVA","Springfield, DC",PM,US-29-NB-TZ1-2_I-66-EB-TZ3-4,0.17966665777639346,0.8574142706793952
"Faquire, NOVA","Annandale, DC",AM,I-66-EB,57.85248302176297,0.0
"Faquire, NOVA","Annandale, DC",AM,US-50-EB,1.980108720853033,0.04769131343963173
"Faquire, NOVA","Annandale, DC",AM,US-29-NB,0.1443120044320771,0.8852540993681679
"Faquire, NOVA","Annandale, DC",PM,US-29-NB-TZ1-2_I-66-EB-TZ3-4,0.1443120044320771,0.8852540993681679
"Prince William, NOVA","Capital Hill, DC",AM,US-29-NB,7.404299516271286,1.318944953254686e-13
"Prince William, NOVA","Capital Hill, DC",AM,I-66-EB,20.06942440975628,0.0
"Prince William, NOVA","Capital Hill, DC",AM,I-66-EB-TZ1-2-3_US-29-NB-TZ4,3.8845391214156173,0.00010252418411660358
"Prince William, NOVA","Capital Hill, DC",AM,US-50-EB,11.32768760980677,0.0
"Prince William, NOVA","Capital Hill, DC",AM,I-66-EB-TZ1_US-29-NB-TZ2-3-4,0.21428146659104136,0.8303275699011843
"Prince William, NOVA","Capital Hill, DC",AM,I-66-EB-TZ1-2_US-29-NB-TZ3-4,0.21428146659104136,0.8303275699011843
"Prince William, NOVA","Capital Hill, DC",AM,I-66-WB,0.21428146659104136,0.8303275699011843
"Prince William, NOVA","Capital Hill, DC",PM,I-66-EB,0.21428146659104136,0.8303275699011843
"Prince William, NOVA","Capital Hill, DC",PM,US-50-EB-TZ1-2_I-66-EB-TZ3-4,0.21428146659104136,0.8303275699011843
"Prince William, NOVA","Capital Hill, DC",PM,US-29-NB-TZ1-2_I-66-EB-TZ3-4,4.666830261457283,3.058818134116237e-06
"Prince William, NOVA","Arlington, DC",AM,US-29-NB,5.734368123974352,9.78765446468799e-09
"Prince William, NOVA","Arlington, DC",AM,I-66-EB,19.540692059230768,0.0
"Prince William, NOVA","Arlington, DC",AM,I-66-EB-TZ1-2_US-29-NB-TZ3-4,0.2663647031570614,0.7899583463404334
"Prince William, NOVA","Arlington, DC",AM,US-50-EB,13.355963857265008,0.0
"Prince William, NOVA","Arlington, DC",AM,I-66-EB-TZ1-2-3_US-29-NB-TZ4,0.2663647031570614,0.7899583463404334
"Prince William, NOVA","Arlington, DC",PM,I-66-EB,0.2663647031570614,0.7899583463404334
"Prince William, NOVA","Arlington, DC",PM,US-29-NB-TZ1-2_I-66-EB-TZ3-4,3.7543374763854924,0.00017380057076898936
"Prince William, NOVA","Alexandria, DC",AM,I-66-EB,14.626153863596508,0.0
"Prince William, NOVA","Alexandria, DC",AM,US-50-EB,32.3234889950654,0.0
"Prince William, NOVA","Alexandria, DC",AM,I-66-EB-TZ1-2-3_US-29-NB-TZ4,2.834970027280795,0.004582998522847159
"Prince William, NOVA","Alexandria, DC",AM,US-29-NB,2.466381632134959,0.013648583041743878
"Prince William, NOVA","Alexandria, DC",PM,US-29-NB-TZ1-2_I-66-EB-TZ3-4,3.1982771521495357,0.0013825134005669426
"Prince William, NOVA","Maryland, DC",AM,I-66-EB,16.729747417118134,0.0
"Prince William, NOVA","Maryland, DC",AM,I-66-EB-TZ1-2-3_US-29-NB-TZ4,3.5958607428077793,0.0003233207351567291
"Prince William, NOVA","Maryland, DC",AM,I-66-EB-TZ1-2_US-50-EB-TZ3-4,0.8506925095641985,0.3949401851853285
"Prince William, NOVA","Maryland, DC",AM,US-29-NB,6.500175793456239,8.022627007164829e-11
"Prince William, NOVA","Maryland, DC",AM,US-50-EB,15.787285767312927,0.0
"Prince William, NOVA","Maryland, DC",AM,I-66-EB-TZ1-2_US-29-NB-TZ3-4,1.1995348820175948,0.23032002970951782
"Prince William, NOVA","Maryland, DC",AM,I-66-EB-TZ1_US-29-NB-TZ2-3-4,0.09393172521602967,0.9251633921659725
"Prince William, NOVA","Maryland, DC",AM,I-66-EB-TZ1-2-3_US-50-EB-TZ4,1.1995348820175948,0.23032002970951782
"Prince William, NOVA","Maryland, DC",PM,I-66-WB,1.4678017545047357,0.14215808076365066
"Prince William, NOVA","Maryland, DC",PM,I-66-EB,2.0615856209424894,0.039247204164269966
"Prince William, NOVA","Maryland, DC",PM,US-50-EB,0.09393172521602967,0.9251633921659725
"Prince William, NOVA","Maryland, DC",PM,US-29-NB-TZ1-2_I-66-EB-TZ3-4,10.64606268434738,0.0
"Prince William, NOVA","Tysons, DC",AM,I-66-EB,22.410988507832577,0.0
"Prince William, NOVA","Tysons, DC",AM,I-66-EB-TZ1-2-3_US-29-NB-TZ4,0.39317647889237517,0.6941891408227778
"Prince William, NOVA","Tysons, DC",AM,US-50-EB,3.0472547746102205,0.0023094187614758344
"Prince William, NOVA","Tysons, DC",AM,US-29-NB,4.840297434571907,1.2964494409128946e-06
"Prince William, NOVA","Tysons, DC",PM,US-29-NB-TZ1-2_I-66-EB-TZ3-4,2.5435052992607363,0.010974639225211913
"Prince William, NOVA","Fort Hunt and Belvoir, DC",AM,I-66-EB,17.587034167311064,0.0
"Prince William, NOVA","Fort Hunt and Belvoir, DC",AM,US-29-NB,6.536050741170776,6.31645846738138e-11
"Prince William, NOVA","Fort Hunt and Belvoir, DC",AM,US-50-EB,16.224209607078308,0.0
"Prince William, NOVA","Fort Hunt and Belvoir, DC",AM,US-29-NB-TZ1-2_I-66-EB-TZ3-4,0.30120706470655717,0.7632566029875987
"Prince William, NOVA","Fort Hunt and Belvoir, DC",PM,US-29-NB-TZ1-2_I-66-EB-TZ3-4,3.3200710702752265,0.0008999453453177875
"Prince William, NOVA","Springfield, DC",AM,US-50-EB,11.435339998339334,0.0
"Prince William, NOVA","Springfield, DC",AM,I-66-EB,14.312708277808765,0.0
"Prince William, NOVA","Springfield, DC",AM,US-29-NB,5.498113549527308,3.8387572232068123e-08
"Prince William, NOVA","Springfield, DC",AM,I-66-EB-TZ1-2-3_US-29-NB-TZ4,3.600532431763948,0.0003175662123700018
"Prince William, NOVA","Springfield, DC",PM,I-66-EB,2.5277232756600574,0.011480479981475611
"Prince William, NOVA","Springfield, DC",PM,US-29-NB-TZ1-2_I-66-EB-TZ3-4,3.564218383964417,0.00036494202780334994
"Prince William, NOVA","Annandale, DC",AM,I-66-EB,15.220238946257634,0.0
"Prince William, NOVA","Annandale, DC",AM,US-29-NB,3.8362909995524284,0.00012490639722839703
"Prince William, NOVA","Annandale, DC",AM,US-50-EB,18.401571557300464,0.0
"Prince William, NOVA","Annandale, DC",AM,I-66-EB-TZ1-2-3_US-29-NB-TZ4,0.4521644641476606,0.6511505062433947
"Prince William, NOVA","Annandale, DC",PM,US-29-NB-TZ1-2_I-66-EB-TZ3-4,2.2117149379214336,0.026986367697599434
"Fairfax County, NOVA","Capital Hill, DC",AM,I-66-EB,11.347037328752421,0.0
"Fairfax County, NOVA","Capital Hill, DC",AM,I-66-EB-TZ1-2-3_US-50-EB-TZ4,1.158154744720979,0.24680089266594463
"Fairfax County, NOVA","Capital Hill, DC",AM,US-50-EB,9.994216722207613,0.0
"Fairfax County, NOVA","Capital Hill, DC",AM,US-29-NB,5.613661488763801,1.9808955808997553e-08
"Fairfax County, NOVA","Capital Hill, DC",AM,I-66-EB-TZ1-2-3_US-29-NB-TZ4,2.825633466060021,0.004718722522287111
"Fairfax County, NOVA","Capital Hill, DC",AM,I-66-WB,1.6332464158492814,0.10241718147090961
"Fairfax County, NOVA","Capital Hill, DC",AM,I-66-EB-TZ1-2_US-50-EB-TZ3-4,0.127867879145843,0.8982535310648336
"Fairfax County, NOVA","Capital Hill, DC",AM,I-66-EB-TZ1-2_US-29-NB-TZ3-4,0.22147489960100297,0.8247226785605712
"Fairfax County, NOVA","Capital Hill, DC",PM,US-29-SB,1.158154744720979,0.24680089266594463
"Fairfax County, NOVA","Capital Hill, DC",PM,US-29-NB,0.127867879145843,0.8982535310648336
"Fairfax County, NOVA","Capital Hill, DC",PM,I-66-EB,1.6231865045099965,0.10454954188197019
"Fairfax County, NOVA","Capital Hill, DC",PM,I-66-EB-TZ1-2_US-29-NB-TZ3-4,1.1510679489651259,0.2497042825015825
"Fairfax County, NOVA","Capital Hill, DC",PM,US-50-EB,2.2929901981202185,0.021848569274769192
"Fairfax County, NOVA","Capital Hill, DC",PM,US-50-WB,0.127867879145843,0.8982535310648336
"Fairfax County, NOVA","Capital Hill, DC",PM,US-29-NB-TZ1-2_I-66-EB-TZ3-4,5.439609546316677,5.339746800281375e-08
"Fairfax County, NOVA","Arlington, DC",AM,I-66-EB,9.700477843596486,0.0
"Fairfax County, NOVA","Arlington, DC",AM,I-66-EB-TZ1-2-3_US-50-EB-TZ4,1.2925119757950059,0.19617990131439367
"Fairfax County, NOVA","Arlington, DC",AM,US-50-EB,11.450888080071664,0.0
"Fairfax County, NOVA","Arlington, DC",AM,I-66-WB,2.235404117399361,0.02539083004902376
"Fairfax County, NOVA","Arlington, DC",AM,I-66-EB-TZ1-2_US-29-NB-TZ3-4,1.2925119757950059,0.19617990131439367
"Fairfax County, NOVA","Arlington, DC",AM,US-29-NB,6.574930965637586,4.8675730113245663e-11
"Fairfax County, NOVA","Arlington, DC",AM,US-29-NB-TZ1-2_I-66-EB-TZ3-4,1.2925119757950059,0.19617990131439367
"Fairfax County, NOVA","Arlington, DC",AM,I-66-EB-TZ1-2-3_US-29-NB-TZ4,1.3003737683210463,0.19347289599016682
"Fairfax County, NOVA","Arlington, DC",AM,I-66-WB-TZ4-3-2_US-50-WB-TZ1,0.14269403796357444,0.8865318255481838
"Fairfax County, NOVA","Arlington, DC",AM,US-50-EB-TZ1_I-66-EB-TZ2-3-4,0.14269403796357444,0.8865318255481838
"Fairfax County, NOVA","Arlington, DC",PM,I-66-EB,3.3863425157159672,0.0007083091761268534
"Fairfax County, NOVA","Arlington, DC",PM,US-29-NB,0.14269403796357444,0.8865318255481838
"Fairfax County, NOVA","Arlington, DC",PM,US-50-EB,1.2846021797653981,0.19893133658626283
"Fairfax County, NOVA","Arlington, DC",PM,US-50-WB,1.2925119757950059,0.19617990131439367
"Fairfax County, NOVA","Arlington, DC",PM,I-66-EB-TZ1-2-3_US-29-NB-TZ4,0.14269403796357444,0.8865318255481838
"Fairfax County, NOVA","Arlington, DC",PM,I-66-WB,0.14269403796357444,0.8865318255481838
"Fairfax County, NOVA","Arlington, DC",PM,US-29-SB-TZ4_I-66-WB-TZ3-2-1,0.14269403796357444,0.8865318255481838
"Fairfax County, NOVA","Arlington, DC",PM,US-29-NB-TZ1-2_I-66-EB-TZ3-4,7.008049799250608,2.4167334800040408e-12
"Fairfax County, NOVA","Alexandria, DC",AM,US-50-EB,11.783653181282567,0.0
"Fairfax County, NOVA","Alexandria, DC",AM,US-29-NB,4.184361742844575,2.8596842608807904e-05
"Fairfax County, NOVA","Alexandria, DC",AM,I-66-EB,10.717960564869468,0.0
"Fairfax County, NOVA","Alexandria, DC",AM,I-66-EB-TZ1-2-3_US-29-NB-TZ4,3.335684223514914,0.0008508975541630104
"Fairfax County, NOVA","Alexandria, DC",AM,US-29-SB-TZ4_I-66-WB-TZ3-2-1,0.18468708992694802,0.8534744727261381
"Fairfax County, NOVA","Alexandria, DC",PM,I-66-EB,2.8710604469034426,0.0040909728842024595
"Fairfax County, NOVA","Alexandria, DC",PM,I-66-WB,0.18468708992694802,0.8534744727261381
"Fairfax County, NOVA","Alexandria, DC",PM,US-50-EB,1.6629452747936146,0.0963233904727534
"Fairfax County, NOVA","Alexandria, DC",PM,US-29-NB-TZ1-2_I-66-EB-TZ3-4,5.414625598989432,6.14170798662883e-08
"Fairfax County, NOVA","Maryland, DC",AM,I-66-EB,10.858362477310447,0.0
"Fairfax County, NOVA","Maryland, DC",AM,I-66-WB,1.3189169306512563,0.18719688531283696
"Fairfax County, NOVA","Maryland, DC",AM,I-66-EB-TZ1-2-3_US-50-EB-TZ4,1.3179013783859233,0.18753666423493653
"Fairfax County, NOVA","Maryland, DC",AM,US-29-NB,5.733479012543857,9.839124626154216e-09
"Fairfax County, NOVA","Maryland, DC",AM,US-50-EB,11.720550597422523,0.0
"Fairfax County, NOVA","Maryland, DC",AM,I-66-EB-TZ1-2-3_US-29-NB-TZ4,2.7179740421563667,0.0065682990939990304
"Fairfax County, NOVA","Maryland, DC",AM,I-66-WB-TZ4-3-2_US-29-SB-TZ1,0.051716638335116236,0.9587544795064058
"Fairfax County, NOVA","Maryland, DC",AM,US-29-NB-TZ1-2_I-66-EB-TZ3-4,1.6806158587404636,0.09283755342956912
"Fairfax County, NOVA","Maryland, DC",AM,I-66-EB-TZ1-2_US-29-NB-TZ3-4,1.044821701659731,0.2961053828795075
"Fairfax County, NOVA","Maryland, DC",AM,US-50-WB,0.8275638794786326,0.4079175313815546
"Fairfax County, NOVA","Maryland, DC",AM,US-50-EB-TZ1_I-66-EB-TZ2-3-4,0.07313840518102085,0.941695980564542
"Fairfax County, NOVA","Maryland, DC",AM,I-66-EB-TZ1_US-29-NB-TZ2-3-4,0.4711788791877348,0.6375130000489098
"Fairfax County, NOVA","Maryland, DC",AM,US-50-EB-TZ1-2-3_I-66-EB-TZ4,0.4711788791877348,0.6375130000489098
"Fairfax County, NOVA","Maryland, DC",AM,US-50-EB-TZ1-2_I-66-EB-TZ3-4,0.08957592810140254,0.9286242140826442
"Fairfax County, NOVA","Maryland, DC",PM,US-29-SB,0.4711788791877348,0.6375130000489098
"Fairfax County, NOVA","Maryland, DC",PM,I-66-WB-TZ4_US-29-SB-TZ3-2-1,0.051716638335116236,0.9587544795064058
"Fairfax County, NOVA","Maryland, DC",PM,I-66-EB,3.1771591559674848,0.0014872539378807392
"Fairfax County, NOVA","Maryland, DC",PM,US-50-WB,1.5356603786223417,0.12462169736782114
"Fairfax County, NOVA","Maryland, DC",PM,US-50-EB,2.406535264817224,0.01610464909409237
"Fairfax County, NOVA","Maryland, DC",PM,I-66-EB-TZ1-2_US-50-EB-TZ3-4,0.4683316340798893,0.6395474495797975
"Fairfax County, NOVA","Maryland, DC",PM,US-29-SB-TZ4_I-66-WB-TZ3-2-1,0.4683316340798893,0.6395474495797975
"Fairfax County, NOVA","Maryland, DC",PM,I-66-EB-TZ1-2_US-29-NB-TZ3-4,0.4654669781192163,0.6415970793119401
"Fairfax County, NOVA","Maryland, DC",PM,US-50-EB-TZ1-2_I-66-EB-TZ3-4,0.4654669781192163,0.6415970793119401
"Fairfax County, NOVA","Maryland, DC",PM,I-66-EB-TZ1_US-29-NB-TZ2-3-4,0.051716638335116236,0.9587544795064058
"Fairfax County, NOVA","Maryland, DC",PM,I-66-WB,0.051716638335116236,0.9587544795064058
"Fairfax County, NOVA","Maryland, DC",PM,US-29-NB,0.4654669781192163,0.6415970793119401
"Fairfax County, NOVA","Maryland, DC",PM,US-50-EB-TZ1-2-3_I-66-EB-TZ4,0.051716638335116236,0.9587544795064058
"Fairfax County, NOVA","Maryland, DC",PM,US-50-EB-TZ1_I-66-EB-TZ2-3-4,0.051716638335116236,0.9587544795064058
"Fairfax County, NOVA","Maryland, DC",PM,US-29-NB-TZ1-2_I-66-EB-TZ3-4,13.636163319470974,0.0
"Fairfax County, NOVA","Maryland, DC",PM,US-29-SB-TZ4-3_I-66-WB-TZ2-1,0.051716638335116236,0.9587544795064058
"Fairfax County, NOVA","Maryland, DC",PM,US-50-WB_TZ4-3_I-66-WB-TZ2-1,0.051716638335116236,0.9587544795064058
"Fairfax County, NOVA","Tysons, DC",AM,I-66-EB-TZ1-2-3_US-29-NB-TZ4,0.34895199165816015,0.727125351797002
"Fairfax County, NOVA","Tysons, DC",AM,I-66-EB,12.265281976912878,0.0
"Fairfax County, NOVA","Tysons, DC",AM,US-50-EB,9.082369501850641,0.0
"Fairfax County, NOVA","Tysons, DC",AM,US-29-NB,2.8287144912434834,0.0046735371807107295
"Fairfax County, NOVA","Tysons, DC",AM,US-29-NB-TZ1-2_I-66-EB-TZ3-4,0.24674386289496889,0.8051064581701659
"Fairfax County, NOVA","Tysons, DC",PM,US-50-WB_TZ4_I-66-WB-TZ3-2-1,0.24674386289496889,0.8051064581701659
"Fairfax County, NOVA","Tysons, DC",PM,I-66-EB-TZ1-2-3_US-29-NB-TZ4,0.24674386289496889,0.8051064581701659
"Fairfax County, NOVA","Tysons, DC",PM,I-66-EB,0.24674386289496889,0.8051064581701659
"Fairfax County, NOVA","Tysons, DC",PM,US-50-EB,0.24674386289496889,0.8051064581701659
"Fairfax County, NOVA","Tysons, DC",PM,US-29-NB-TZ1-2_I-66-EB-TZ3-4,4.05286640587163,5.0593896500972235e-05
"Fairfax County, NOVA","Fort Hunt and Belvoir, DC",AM,I-66-EB,14.652089475833739,0.0
"Fairfax County, NOVA","Fort Hunt and Belvoir, DC",AM,US-50-EB,6.24239539075119,4.3091996637656393e-10
"Fairfax County, NOVA","Fort Hunt and Belvoir, DC",AM,I-66-EB-TZ1-2-3_US-29-NB-TZ4,2.5984554524981336,0.00936441947612554
"Fairfax County, NOVA","Fort Hunt and Belvoir, DC",AM,US-29-NB-TZ1-2_I-66-EB-TZ3-4,0.16616053603755584,0.8680306153415074
"Fairfax County, NOVA","Fort Hunt and Belvoir, DC",AM,US-29-NB,3.7178623757286493,0.00020091566746138767
"Fairfax County, NOVA","Fort Hunt and Belvoir, DC",AM,US-29-NB-TZ1_I-66-EB-TZ2-3-4,0.16616053603755584,0.8680306153415074
"Fairfax County, NOVA","Fort Hunt and Belvoir, DC",AM,US-50-EB-TZ1-2-3_I-66-EB-TZ4,0.16616053603755584,0.8680306153415074
"Fairfax County, NOVA","Fort Hunt and Belvoir, DC",AM,I-66-EB-TZ1-2-3_US-50-EB-TZ4,1.5052160690954097,0.13226853516511938
"Fairfax County, NOVA","Fort Hunt and Belvoir, DC",PM,I-66-EB-TZ1_US-29-NB-TZ2-3-4,0.16616053603755584,0.8680306153415074
"Fairfax County, NOVA","Fort Hunt and Belvoir, DC",PM,US-50-WB,2.122999448329253,0.0337538980860943
"Fairfax County, NOVA","Fort Hunt and Belvoir, DC",PM,I-66-EB,1.4960027897232382,0.13465292819800911
"Fairfax County, NOVA","Fort Hunt and Belvoir, DC",PM,US-29-NB,0.16616053603755584,0.8680306153415074
"Fairfax County, NOVA","Fort Hunt and Belvoir, DC",PM,US-50-EB,1.4960027897232382,0.13465292819800911
"Fairfax County, NOVA","Fort Hunt and Belvoir, DC",PM,US-29-SB-TZ4-3_I-66-WB-TZ2-1,0.16616053603755584,0.8680306153415074
"Fairfax County, NOVA","Fort Hunt and Belvoir, DC",PM,I-66-WB,0.16616053603755584,0.8680306153415074
"Fairfax County, NOVA","Fort Hunt and Belvoir, DC",PM,US-29-NB-TZ1-2_I-66-EB-TZ3-4,6.018332309096566,1.7622314718579446e-09
"Fairfax County, NOVA","Springfield, DC",AM,US-29-NB,5.619409800773054,1.9161088049557407e-08
"Fairfax County, NOVA","Springfield, DC",AM,US-29-NB-TZ1-2_I-66-EB-TZ3-4,1.497256324882831,0.1343265745252784
"Fairfax County, NOVA","Springfield, DC",AM,I-66-EB,6.3974603546709945,1.5798251595811053e-10
"Fairfax County, NOVA","Springfield, DC",AM,US-50-EB,21.166439712223443,0.0
"Fairfax County, NOVA","Springfield, DC",AM,US-50-EB-TZ1-2-3_I-66-EB-TZ4,0.16528250204788023,0.8687216307419343
"Fairfax County, NOVA","Springfield, DC",AM,I-66-WB,0.16528250204788023,0.8687216307419343
"Fairfax County, NOVA","Springfield, DC",AM,US-50-WB_TZ4-3_I-66-WB-TZ2-1,0.16528250204788023,0.8687216307419343
"Fairfax County, NOVA","Springfield, DC",AM,US-50-EB-TZ1_I-66-EB-TZ2-3-4,0.16528250204788023,0.8687216307419343
"Fairfax County, NOVA","Springfield, DC",AM,I-66-EB-TZ1-2-3_US-50-EB-TZ4,0.23374583439391117,0.8151823025395091
"Fairfax County, NOVA","Springfield, DC",AM,I-66-EB-TZ1-2-3_US-29-NB-TZ4,2.111764600012906,0.03470664503001064
"Fairfax County, NOVA","Springfield, DC",AM,I-66-EB-TZ1-2_US-29-NB-TZ3-4,0.16528250204788023,0.8687216307419343
"Fairfax County, NOVA","Springfield, DC",AM,I-66-WB-TZ4-3_US-50-WB-TZ2-1,0.16528250204788023,0.8687216307419343
"Fairfax County, NOVA","Springfield, DC",AM,US-29-NB-TZ1_I-66-EB-TZ2-3-4,0.16528250204788023,0.8687216307419343
"Fairfax County, NOVA","Springfield, DC",AM,US-50-EB-TZ1-2_I-66-EB-TZ3-4,0.23374583439391117,0.8151823025395091
"Fairfax County, NOVA","Springfield, DC",PM,US-50-WB,0.16528250204788023,0.8687216307419343
"Fairfax County, NOVA","Springfield, DC",PM,US-50-EB-TZ1-2_I-66-EB-TZ3-4,0.16528250204788023,0.8687216307419343
"Fairfax County, NOVA","Springfield, DC",PM,I-66-EB,0.16528250204788023,0.8687216307419343
"Fairfax County, NOVA","Springfield, DC",PM,US-29-SB,0.16528250204788023,0.8687216307419343
"Fairfax County, NOVA","Springfield, DC",PM,I-66-EB-TZ1-2-3_US-50-EB-TZ4,0.16528250204788023,0.8687216307419343
"Fairfax County, NOVA","Springfield, DC",PM,US-29-NB-TZ1-2_I-66-EB-TZ3-4,6.050303053798497,1.4457359753805576e-09
"Fairfax County, NOVA","Annandale, DC",AM,I-66-EB,9.914056755333206,0.0
"Fairfax County, NOVA","Annandale, DC",AM,US-50-EB,8.727815094984232,0.0
"Fairfax County, NOVA","Annandale, DC",AM,US-29-NB,4.08208138365207,4.4634160294432235e-05
"Fairfax County, NOVA","Annandale, DC",AM,I-66-EB-TZ1-2-3_US-29-NB-TZ4,2.496011499914088,0.012559852963228035
"Fairfax County, NOVA","Annandale, DC",AM,I-66-EB-TZ1-2_US-29-NB-TZ3-4,0.2753652143192398,0.7830356663382636
"Fairfax County, NOVA","Annandale, DC",AM,US-29-NB-TZ1-2_I-66-EB-TZ3-4,0.2753652143192398,0.7830356663382636
"Fairfax County, NOVA","Annandale, DC",AM,US-50-EB-TZ1-2_I-66-EB-TZ3-4,0.2753652143192398,0.7830356663382636
"Fairfax County, NOVA","Annandale, DC",PM,US-29-NB,0.2753652143192398,0.7830356663382636
"Fairfax County, NOVA","Annandale, DC",PM,I-66-EB,2.4807148372965924,0.013111922267533105
"Fairfax County, NOVA","Annandale, DC",PM,US-29-NB-TZ1-2_I-66-EB-TZ3-4,3.6316295735808417,0.00028163718834228746
"Alexandria and Arlington, NOVA","Capital Hill, DC",AM,US-50-WB,1.369078480432507,0.1709747442500973
"Alexandria and Arlington, NOVA","Capital Hill, DC",AM,US-29-SB,0.7148221452256064,0.47471894945707493
"Alexandria and Arlington, NOVA","Capital Hill, DC",AM,US-29-SB-TZ4-3_I-66-WB-TZ2-1,0.41268028327730444,0.6798408723098142
"Alexandria and Arlington, NOVA","Capital Hill, DC",AM,I-66-WB,0.7148221452256064,0.47471894945707493
"Alexandria and Arlington, NOVA","Capital Hill, DC",AM,US-50-EB-TZ1-2_I-66-EB-TZ3-4,0.29180505417134955,0.770435680677912
"Alexandria and Arlington, NOVA","Capital Hill, DC",AM,US-50-EB,65.709256085909,0.0
"Alexandria and Arlington, NOVA","Capital Hill, DC",AM,I-66-EB,19.991881416550854,0.0
"Alexandria and Arlington, NOVA","Capital Hill, DC",AM,US-29-NB,3.427038746890239,0.0006102019937808123
"Alexandria and Arlington, NOVA","Capital Hill, DC",PM,US-50-WB,11.93879248532699,0.0
"Alexandria and Arlington, NOVA","Capital Hill, DC",PM,I-66-WB,5.251042757237561,1.5124056429449695e-07
"Alexandria and Arlington, NOVA","Capital Hill, DC",PM,US-29-SB,5.251042757237561,1.5124056429449695e-07
"Alexandria and Arlington, NOVA","Capital Hill, DC",PM,US-29-SB-TZ4-3_I-66-WB-TZ2-1,0.29180505417134955,0.770435680677912
"Alexandria and Arlington, NOVA","Capital Hill, DC",PM,US-29-NB-TZ1-2_I-66-EB-TZ3-4,3.427038746890239,0.0006102019937808123
"Alexandria and Arlington, NOVA","Arlington, DC",AM,US-50-EB,41.04578140271338,0.0
"Alexandria and Arlington, NOVA","Arlington, DC",AM,I-66-EB,12.401236948355429,0.0
"Alexandria and Arlington, NOVA","Arlington, DC",AM,US-29-NB,2.093893696484963,0.03626945092625622
"Alexandria and Arlington, NOVA","Arlington, DC",PM,US-50-WB,6.14877419147786,7.808405033671306e-10
"Alexandria and Arlington, NOVA","Arlington, DC",PM,US-29-SB-TZ4-3_I-66-WB-TZ2-1,0.47760994327421163,0.6329278524561253
"Alexandria and Arlington, NOVA","Arlington, DC",PM,US-29-SB,6.129799639146821,8.798981543378659e-10
"Alexandria and Arlington, NOVA","Arlington, DC",PM,I-66-WB,0.47760994327421163,0.6329278524561253
"Alexandria and Arlington, NOVA","Arlington, DC",PM,US-29-NB-TZ1-2_I-66-EB-TZ3-4,2.093893696484963,0.03626945092625622
"Alexandria and Arlington, NOVA","Alexandria, DC",AM,US-50-EB,50.37966782838424,0.0
"Alexandria and Arlington, NOVA","Alexandria, DC",AM,I-66-EB,15.259541490794385,0.0
"Alexandria and Arlington, NOVA","Alexandria, DC",AM,US-29-NB,2.541185111508396,0.011047741076385398
"Alexandria and Arlington, NOVA","Alexandria, DC",PM,US-29-NB-TZ1-2_I-66-EB-TZ3-4,1.51865294283923,0.128849877269817
"Alexandria and Arlington, NOVA","Alexandria, DC",PM,US-50-WB,5.043369325899304,4.5740517551351445e-07
"Alexandria and Arlington, NOVA","Alexandria, DC",PM,US-29-SB,0.3935354912072648,0.6939240159670967
"Alexandria and Arlington, NOVA","Alexandria, DC",PM,I-66-WB,7.1486534370767245,8.764100556390986e-13
"Alexandria and Arlington, NOVA","Maryland, DC",AM,US-50-WB,2.3943271374140958,0.016650890182926537
"Alexandria and Arlington, NOVA","Maryland, DC",AM,I-66-WB-TZ4-3-2_US-50-WB-TZ1,0.13674156796219022,0.8912350716360433
"Alexandria and Arlington, NOVA","Maryland, DC",AM,I-66-WB,3.6024332160084023,0.00031525240813645716
"Alexandria and Arlington, NOVA","Maryland, DC",AM,US-29-SB,0.7614175729077288,0.4464076945911528
"Alexandria and Arlington, NOVA","Maryland, DC",AM,US-50-EB,145.8968165562641,0.0
"Alexandria and Arlington, NOVA","Maryland, DC",AM,I-66-EB,44.48902268853239,0.0
"Alexandria and Arlington, NOVA","Maryland, DC",AM,US-29-NB,7.313111760831459,2.611244553918368e-13
"Alexandria and Arlington, NOVA","Maryland, DC",PM,I-66-WB,7.716241021353319,1.199040866595169e-14
"Alexandria and Arlington, NOVA","Maryland, DC",PM,US-50-WB,9.70534562507469,0.0
"Alexandria and Arlington, NOVA","Maryland, DC",PM,US-29-SB,6.403827053761458,1.515296776943842e-10
"Alexandria and Arlington, NOVA","Maryland, DC",PM,US-29-SB-TZ4_I-66-WB-TZ3-2-1,1.2385670779876623,0.21550586650756864
"Alexandria and Arlington, NOVA","Maryland, DC",PM,I-66-WB-TZ4-3_US-29-SB-TZ2-1,0.13674156796219022,0.8912350716360433
"Alexandria and Arlington, NOVA","Maryland, DC",PM,US-29-SB-TZ4-3_I-66-WB-TZ2-1,1.2385670779876623,0.21550586650756864
"Alexandria and Arlington, NOVA","Maryland, DC",PM,I-66-EB,0.19338239576586147,0.8466595013576852
"Alexandria and Arlington, NOVA","Maryland, DC",PM,US-50-WB_TZ4-3_I-66-WB-TZ2-1,0.13674156796219022,0.8912350716360433
"Alexandria and Arlington, NOVA","Maryland, DC",PM,US-29-NB-TZ1-2_I-66-EB-TZ3-4,7.313111760831459,2.611244553918368e-13
"Alexandria and Arlington, NOVA","Tysons, DC",AM,US-50-EB,35.581664256918664,0.0
"Alexandria and Arlington, NOVA","Tysons, DC",AM,I-66-EB,10.682373401644911,0.0
"Alexandria and Arlington, NOVA","Tysons, DC",AM,US-29-NB,1.7301215224754656,0.08360856566627373
"Alexandria and Arlington, NOVA","Tysons, DC",PM,US-50-WB,5.252934726783331,1.4969459871672086e-07
"Alexandria and Arlington, NOVA","Tysons, DC",PM,US-29-SB,5.252934726783331,1.4969459871672086e-07
"Alexandria and Arlington, NOVA","Tysons, DC",PM,US-29-SB-TZ4_I-66-WB-TZ3-2-1,0.5780443111261642,0.5632342033465811
"Alexandria and Arlington, NOVA","Tysons, DC",PM,US-29-NB-TZ1-2_I-66-EB-TZ3-4,1.7301215224754656,0.08360856566627373
"Alexandria and Arlington, NOVA","Fort Hunt and Belvoir, DC",AM,US-50-EB,42.139432932430566,0.0
"Alexandria and Arlington, NOVA","Fort Hunt and Belvoir, DC",AM,I-66-EB,12.689097602068305,0.0
"Alexandria and Arlington, NOVA","Fort Hunt and Belvoir, DC",AM,US-29-NB,2.0292623899208246,0.042431571883506436
"Alexandria and Arlington, NOVA","Fort Hunt and Belvoir, DC",PM,US-50-WB,8.98372870673822,0.0
"Alexandria and Arlington, NOVA","Fort Hunt and Belvoir, DC",PM,I-66-WB,0.49282330898726023,0.622137439487866
"Alexandria and Arlington, NOVA","Fort Hunt and Belvoir, DC",PM,US-29-SB,8.98372870673822,0.0
"Alexandria and Arlington, NOVA","Fort Hunt and Belvoir, DC",PM,US-29-SB-TZ4-3_I-66-WB-TZ2-1,4.475010772048799,7.640746042536506e-06
"Alexandria and Arlington, NOVA","Fort Hunt and Belvoir, DC",PM,US-50-EB,0.49282330898726023,0.622137439487866
"Alexandria and Arlington, NOVA","Fort Hunt and Belvoir, DC",PM,US-29-NB-TZ1-2_I-66-EB-TZ3-4,2.0292623899208246,0.042431571883506436
"Alexandria and Arlington, NOVA","Springfield, DC",AM,US-50-EB,42.66849700028538,0.0
"Alexandria and Arlington, NOVA","Springfield, DC",AM,I-66-EB,12.839834544314948,0.0
"Alexandria and Arlington, NOVA","Springfield, DC",AM,US-29-NB,2.0274661881199485,0.042614758945119346
"Alexandria and Arlington, NOVA","Springfield, DC",PM,I-66-WB,7.76933176322,7.993605777301127e-15
"Alexandria and Arlington, NOVA","Springfield, DC",PM,US-29-SB,11.069480746472024,0.0
"Alexandria and Arlington, NOVA","Springfield, DC",PM,US-50-WB,10.078460404563783,0.0
"Alexandria and Arlington, NOVA","Springfield, DC",PM,US-29-SB-TZ4-3_I-66-WB-TZ2-1,0.49325996574047715,0.6218289119700979
"Alexandria and Arlington, NOVA","Springfield, DC",PM,US-29-NB-TZ1-2_I-66-EB-TZ3-4,2.0274661881199485,0.042614758945119346
"Alexandria and Arlington, NOVA","Annandale, DC",AM,US-50-EB,33.451408899495846,0.0
"Alexandria and Arlington, NOVA","Annandale, DC",AM,I-66-EB,9.98995019736432,0.0
"Alexandria and Arlington, NOVA","Annandale, DC",AM,US-29-NB,1.5570024957917779,0.1194698928572826
"Alexandria and Arlington, NOVA","Annandale, DC",PM,US-29-SB,5.840520982121237,5.203782960094827e-09
"Alexandria and Arlington, NOVA","Annandale, DC",PM,US-50-WB,11.774608787713895,0.0
"Alexandria and Arlington, NOVA","Annandale, DC",PM,US-29-SB-TZ4-3_I-66-WB-TZ2-1,0.6423248200503726,0.5206623020612431
"Alexandria and Arlington, NOVA","Annandale, DC",PM,US-29-NB-TZ1-2_I-66-EB-TZ3-4,1.5570024957917779,0.1194698928572826
"Capital Hill, DC","Loudoun County, NOVA",AM,US-50-WB,1.4813237680931088,0.13852031781195873
"Capital Hill, DC","Loudoun County, NOVA",AM,US-29-SB-TZ4-3_I-66-WB-TZ2-1,0.4506029087004632,0.6522757698850192
"Capital Hill, DC","Loudoun County, NOVA",AM,US-50-EB,105.82979132601473,0.0
"Capital Hill, DC","Loudoun County, NOVA",AM,I-66-EB,32.17020860370241,0.0
"Capital Hill, DC","Loudoun County, NOVA",AM,US-29-NB,4.962592929947212,6.955826690191458e-07
"Capital Hill, DC","Loudoun County, NOVA",PM,I-66-WB,9.92772574656763,0.0
"Capital Hill, DC","Loudoun County, NOVA",PM,US-29-SB-TZ4-3_I-66-WB-TZ2-1,3.1333761432552554,0.0017280783302888736
"Capital Hill, DC","Loudoun County, NOVA",PM,US-29-NB,0.2015102898782369,0.8402995842991936
"Capital Hill, DC","Loudoun County, NOVA",PM,US-50-WB,13.380891530442824,0.0
"Capital Hill, DC","Loudoun County, NOVA",PM,US-29-SB,4.461648374276484,8.133160295908937e-06
"Capital Hill, DC","Loudoun County, NOVA",PM,I-66-EB,0.2015102898782369,0.8402995842991936
"Capital Hill, DC","Loudoun County, NOVA",PM,I-66-WB-TZ4_US-50-WB-TZ3-2-1,0.2015102898782369,0.8402995842991936
"Capital Hill, DC","Loudoun County, NOVA",PM,US-29-SB-TZ4_I-66-WB-TZ3-2-1,0.2015102898782369,0.8402995842991936
"Capital Hill, DC","Loudoun County, NOVA",PM,US-29-NB-TZ1-2_I-66-EB-TZ3-4,4.962592929947212,6.955826690191458e-07
"Capital Hill, DC","Faquire, NOVA",AM,I-66-WB,2.173189509937798,0.029766056981024303
"Capital Hill, DC","Faquire, NOVA",AM,US-50-WB,3.4757274056594776,0.0005094698507099871
"Capital Hill, DC","Faquire, NOVA",AM,US-50-EB,107.06081026619455,0.0
"Capital Hill, DC","Faquire, NOVA",AM,I-66-EB,32.533732087887344,0.0
"Capital Hill, DC","Faquire, NOVA",AM,US-29-NB,4.959935281677647,7.051666879309693e-07
"Capital Hill, DC","Faquire, NOVA",PM,I-66-WB,10.551798085946393,0.0
"Capital Hill, DC","Faquire, NOVA",PM,US-29-SB,4.464054320888323,8.042316080647538e-06
"Capital Hill, DC","Faquire, NOVA",PM,US-50-WB,13.251532631142526,0.0
"Capital Hill, DC","Faquire, NOVA",PM,I-66-WB-TZ4-3_US-29-SB-TZ2-1,2.5769203600914388,0.009968491507873933
"Capital Hill, DC","Faquire, NOVA",PM,US-29-SB-TZ4-3-2_I-66-WB-TZ1,0.2016182665735057,0.840215163822498
"Capital Hill, DC","Faquire, NOVA",PM,US-29-NB-TZ1-2_I-66-EB-TZ3-4,4.959935281677647,7.051666879309693e-07
"Capital Hill, DC","Prince William, NOVA",AM,I-66-EB,50.69523612534952,0.0
"Capital Hill, DC","Prince William, NOVA",AM,I-66-WB,1.2342508997882,0.21710942593172788
"Capital Hill, DC","Prince William, NOVA",AM,US-50-WB,2.2007841448647665,0.02775130855349417
"Capital Hill, DC","Prince William, NOVA",AM,US-29-SB,0.548818151281801,0.583130252412773
"Capital Hill, DC","Prince William, NOVA",AM,US-50-EB,168.54186510968287,0.0
"Capital Hill, DC","Prince William, NOVA",AM,US-29-NB,7.730922963296414,1.0658141036401503e-14
"Capital Hill, DC","Prince William, NOVA",PM,US-50-WB,13.321717086612944,0.0
"Capital Hill, DC","Prince William, NOVA",PM,I-66-WB,11.144340876192567,0.0
"Capital Hill, DC","Prince William, NOVA",PM,I-66-WB-TZ4-3_US-29-SB-TZ2-1,1.6522124773517535,0.09849124375001606
"Capital Hill, DC","Prince William, NOVA",PM,US-29-SB,4.646635804264396,3.373920502092176e-06
"Capital Hill, DC","Prince William, NOVA",PM,I-66-WB-TZ4-3_US-50-WB-TZ2-1,0.12935140019170188,0.8970796015457678
"Capital Hill, DC","Prince William, NOVA",PM,US-29-SB-TZ4_I-66-WB-TZ3-2-1,1.6522124773517535,0.09849124375001606
"Capital Hill, DC","Prince William, NOVA",PM,I-66-WB-TZ4_US-50-WB-TZ3-2-1,0.12935140019170188,0.8970796015457678
"Capital Hill, DC","Prince William, NOVA",PM,US-29-SB-TZ4-3_I-66-WB-TZ2-1,2.3340756248507035,0.019591762382125122
"Capital Hill, DC","Prince William, NOVA",PM,I-66-WB-TZ4_US-29-SB-TZ3-2-1,0.12935140019170188,0.8970796015457678
"Capital Hill, DC","Prince William, NOVA",PM,US-29-NB-TZ1-2_I-66-EB-TZ3-4,7.730922963296414,1.0658141036401503e-14
"Capital Hill, DC","Fairfax County, NOVA",AM,I-66-EB,70.83510842970328,0.0
"Capital Hill, DC","Fairfax County, NOVA",AM,US-29-NB-TZ1-2_I-66-EB-TZ3-4,0.09263607070591613,0.9261926866657639
"Capital Hill, DC","Fairfax County, NOVA",AM,US-50-WB_TZ4_I-66-WB-TZ3-2-1,0.20714177434526673,0.8358991383155994
"Capital Hill, DC","Fairfax County, NOVA",AM,US-50-WB,1.9488309088357034,0.051315621253238186
"Capital Hill, DC","Fairfax County, NOVA",AM,I-66-WB,1.935541188248021,0.05292391940543051
"Capital Hill, DC","Fairfax County, NOVA",AM,US-29-SB-TZ4-3_I-66-WB-TZ2-1,0.20714177434526673,0.8358991383155994
"Capital Hill, DC","Fairfax County, NOVA",AM,US-29-NB-TZ1_I-66-EB-TZ2-3-4,0.09263607070591613,0.9261926866657639
"Capital Hill, DC","Fairfax County, NOVA",AM,US-29-SB,0.6484984455090407,0.5166626159218419
"Capital Hill, DC","Fairfax County, NOVA",AM,US-50-EB,237.90442977463275,0.0
"Capital Hill, DC","Fairfax County, NOVA",AM,US-29-NB,10.794962962531674,0.0
"Capital Hill, DC","Fairfax County, NOVA",PM,I-66-WB,11.718701141530396,0.0
"Capital Hill, DC","Fairfax County, NOVA",PM,US-29-SB-TZ4-3_I-66-WB-TZ2-1,1.4386082934447753,0.15026153526717634
"Capital Hill, DC","Fairfax County, NOVA",PM,US-50-WB,14.292375928744997,0.0
"Capital Hill, DC","Fairfax County, NOVA",PM,I-66-WB-TZ4_US-50-WB-TZ3-2-1,1.1829811021336372,0.23681663708265432
"Capital Hill, DC","Fairfax County, NOVA",PM,I-66-WB-TZ4-3_US-50-WB-TZ2-1,1.6708198034328527,0.09475727572333104
"Capital Hill, DC","Fairfax County, NOVA",PM,I-66-WB-TZ4-3_US-29-SB-TZ2-1,1.6708198034328527,0.09475727572333104
"Capital Hill, DC","Fairfax County, NOVA",PM,US-29-SB,5.712888094304493,1.110747249732924e-08
"Capital Hill, DC","Fairfax County, NOVA",PM,US-29-SB-TZ4_I-66-WB-TZ3-2-1,1.4475410087900735,0.14774545953007823
"Capital Hill, DC","Fairfax County, NOVA",PM,I-66-EB-TZ1-2-3_US-29-NB-TZ4,0.09263607070591613,0.9261926866657639
"Capital Hill, DC","Fairfax County, NOVA",PM,US-50-WB_TZ4_I-66-WB-TZ3-2-1,1.4386082934447753,0.15026153526717634
"Capital Hill, DC","Fairfax County, NOVA",PM,I-66-WB-TZ4_US-29-SB-TZ3-2-1,0.09263607070591613,0.9261926866657639
"Capital Hill, DC","Fairfax County, NOVA",PM,I-66-EB,0.09263607070591613,0.9261926866657639
"Capital Hill, DC","Fairfax County, NOVA",PM,US-29-NB-TZ1-2_I-66-EB-TZ3-4,10.794962962531674,0.0
"Capital Hill, DC","Alexandria and Arlington, NOVA",AM,US-50-WB,3.436143510590547,0.0005900583243154678
"Capital Hill, DC","Alexandria and Arlington, NOVA",AM,US-50-EB,63.232005887060886,0.0
"Capital Hill, DC","Alexandria and Arlington, NOVA",AM,I-66-EB,19.086527840651314,0.0
"Capital Hill, DC","Alexandria and Arlington, NOVA",AM,US-29-NB,2.8116867081689,0.004928247915245709
"Capital Hill, DC","Alexandria and Arlington, NOVA",PM,I-66-WB,12.262002816225156,0.0
"Capital Hill, DC","Alexandria and Arlington, NOVA",PM,US-50-WB,10.226874510407598,0.0
"Capital Hill, DC","Alexandria and Arlington, NOVA",PM,US-29-SB-TZ4_I-66-WB-TZ3-2-1,0.3556722597086762,0.7220860218590102
"Capital Hill, DC","Alexandria and Arlington, NOVA",PM,US-29-SB,0.3556722597086762,0.7220860218590102
"Capital Hill, DC","Alexandria and Arlington, NOVA",PM,US-29-NB-TZ1-2_I-66-EB-TZ3-4,2.8116867081689,0.004928247915245709
"Arlington, DC","Loudoun County, NOVA",AM,I-66-WB-TZ4-3_US-50-WB-TZ2-1,0.2146597092969723,0.8300326375848444
"Arlington, DC","Loudoun County, NOVA",AM,US-50-EB,97.03269073425197,0.0
"Arlington, DC","Loudoun County, NOVA",AM,I-66-WB,3.968423708370481,7.234961171898036e-05
"Arlington, DC","Loudoun County, NOVA",AM,US-50-WB,2.9317158813999837,0.003370949858386929
"Arlington, DC","Loudoun County, NOVA",AM,I-66-EB,31.949035660238344,0.0
"Arlington, DC","Loudoun County, NOVA",AM,US-29-NB,4.658607278864826,3.183558869190861e-06
"Arlington, DC","Loudoun County, NOVA",PM,US-29-SB,5.138244146638542,2.7731743745817994e-07
"Arlington, DC","Loudoun County, NOVA",PM,I-66-WB-TZ4-3-2_US-29-SB-TZ1,0.2146597092969723,0.8300326375848444
"Arlington, DC","Loudoun County, NOVA",PM,I-66-WB,7.249410991407952,4.18554080283684e-13
"Arlington, DC","Loudoun County, NOVA",PM,US-50-WB,9.131697686220258,0.0
"Arlington, DC","Loudoun County, NOVA",PM,US-50-WB_TZ4_I-66-WB-TZ3-2-1,1.9450307086301022,0.051771282461717805
"Arlington, DC","Loudoun County, NOVA",PM,US-50-WB_TZ4-3_I-66-WB-TZ2-1,4.338722713668682,1.4331320511873358e-05
"Arlington, DC","Loudoun County, NOVA",PM,US-29-NB-TZ1-2_I-66-EB-TZ3-4,4.658607278864826,3.183558869190861e-06
"Arlington, DC","Faquire, NOVA",AM,US-50-EB,73.72884514679232,0.0
"Arlington, DC","Faquire, NOVA",AM,I-66-WB,0.49429986594678094,0.6210944197946273
"Arlington, DC","Faquire, NOVA",AM,US-29-SB,0.8072410387551101,0.4195276261535765
"Arlington, DC","Faquire, NOVA",AM,US-50-WB,0.7550949817866603,0.4501919939505883
"Arlington, DC","Faquire, NOVA",AM,I-66-EB,24.29295220682565,0.0
"Arlington, DC","Faquire, NOVA",AM,US-29-NB,3.5042318383528985,0.00045792650601206297
"Arlington, DC","Faquire, NOVA",PM,I-66-WB,2.571079041828711,0.010138218496200668
"Arlington, DC","Faquire, NOVA",PM,US-29-SB-TZ4-3_I-66-WB-TZ2-1,3.651181917484241,0.00026103625317985824
"Arlington, DC","Faquire, NOVA",PM,US-29-SB,6.2984232297425775,3.006885851419838e-10
"Arlington, DC","Faquire, NOVA",PM,US-50-WB,5.744765184256449,9.204863316014666e-09
"Arlington, DC","Faquire, NOVA",PM,US-29-NB-TZ1-2_I-66-EB-TZ3-4,3.5042318383528985,0.00045792650601206297
"Arlington, DC","Prince William, NOVA",AM,US-50-WB,2.750251555461069,0.005954952981642281
"Arlington, DC","Prince William, NOVA",AM,US-50-WB_TZ4-3_I-66-WB-TZ2-1,0.3546098692644816,0.7228818814702911
"Arlington, DC","Prince William, NOVA",AM,US-50-EB,134.7765963806259,0.0
"Arlington, DC","Prince William, NOVA",AM,I-66-WB,1.075772730680358,0.28202891078386383
"Arlington, DC","Prince William, NOVA",AM,I-66-EB,44.15013687401697,0.0
"Arlington, DC","Prince William, NOVA",AM,US-29-NB,6.305873788145331,2.865725434730848e-10
"Arlington, DC","Prince William, NOVA",PM,I-66-WB,9.554262821301982,0.0
"Arlington, DC","Prince William, NOVA",PM,US-29-SB,6.264439669067966,3.741684739821949e-10
"Arlington, DC","Prince William, NOVA",PM,I-66-WB-TZ4_US-50-WB-TZ3-2-1,0.15858365480881023,0.8739969073914486
"Arlington, DC","Prince William, NOVA",PM,US-50-WB,10.723169624346465,0.0
"Arlington, DC","Prince William, NOVA",PM,US-29-SB-TZ4_I-66-WB-TZ3-2-1,2.02605797512459,0.04275884394995666
"Arlington, DC","Prince William, NOVA",PM,US-29-SB-TZ4-3_I-66-WB-TZ2-1,1.4365313854540305,0.15085119216650922
"Arlington, DC","Prince William, NOVA",PM,US-50-WB_TZ4-3_I-66-WB-TZ2-1,2.464398909566102,0.013724327183081586
"Arlington, DC","Prince William, NOVA",PM,US-29-NB-TZ1-2_I-66-EB-TZ3-4,6.305873788145331,2.865725434730848e-10
"Arlington, DC","Fairfax County, NOVA",AM,I-66-WB,2.814949876626354,0.004878484218861168
"Arlington, DC","Fairfax County, NOVA",AM,US-29-NB,0.35117923022792896,0.7254538909401567
"Arlington, DC","Fairfax County, NOVA",AM,US-50-WB_TZ4_I-66-WB-TZ3-2-1,0.18617430200188945,0.85230807566403
"Arlington, DC","Fairfax County, NOVA",AM,US-50-WB,2.622760486679868,0.00872205647519686
"Arlington, DC","Fairfax County, NOVA",AM,US-50-EB,164.34322723972008,0.0
"Arlington, DC","Fairfax County, NOVA",AM,I-66-WB-TZ4-3_US-29-SB-TZ2-1,0.18617430200188945,0.85230807566403
"Arlington, DC","Fairfax County, NOVA",AM,I-66-EB,53.173795591602456,0.0
"Arlington, DC","Fairfax County, NOVA",PM,I-66-WB,8.34050813259009,0.0
"Arlington, DC","Fairfax County, NOVA",PM,US-50-WB,10.019490726090758,0.0
"Arlington, DC","Fairfax County, NOVA",PM,US-29-SB,5.716742683225243,1.0858535182123319e-08
"Arlington, DC","Fairfax County, NOVA",PM,US-50-WB_TZ4_I-66-WB-TZ3-2-1,0.13164472235944727,0.8952653100074515
"Arlington, DC","Fairfax County, NOVA",PM,I-66-WB-TZ4-3_US-29-SB-TZ2-1,0.13164472235944727,0.8952653100074515
"Arlington, DC","Fairfax County, NOVA",PM,US-29-SB-TZ4_I-66-WB-TZ3-2-1,1.1923791401832822,0.23311261576299946
"Arlington, DC","Fairfax County, NOVA",PM,US-50-WB_TZ4-3_I-66-WB-TZ2-1,2.3755347902717365,0.01752354037034376
"Arlington, DC","Fairfax County, NOVA",PM,US-29-SB-TZ4-3_I-66-WB-TZ2-1,0.13164472235944727,0.8952653100074515
"Arlington, DC","Fairfax County, NOVA",PM,I-66-EB-TZ1-2-3_US-29-NB-TZ4,0.13164472235944727,0.8952653100074515
"Arlington, DC","Fairfax County, NOVA",PM,US-29-NB-TZ1-2_I-66-EB-TZ3-4,7.596247634855559,3.042011087472929e-14
"Arlington, DC","Alexandria and Arlington, NOVA",AM,I-66-WB,1.041194015618683,0.297785512574277
"Arlington, DC","Alexandria and Arlington, NOVA",AM,US-29-NB,0.9904723666329063,0.32194328931305316
"Arlington, DC","Alexandria and Arlington, NOVA",AM,US-50-EB,46.04411966133724,0.0
"Arlington, DC","Alexandria and Arlington, NOVA",AM,I-66-EB,13.745749007899608,0.0
"Arlington, DC","Alexandria and Arlington, NOVA",PM,US-50-WB,8.205165417631127,2.220446049250313e-16
"Arlington, DC","Alexandria and Arlington, NOVA",PM,I-66-WB,6.644340968427703,3.045763641296162e-11
"Arlington, DC","Alexandria and Arlington, NOVA",PM,US-29-SB,0.5205392375147833,0.6026877873277101
"Arlington, DC","Alexandria and Arlington, NOVA",PM,US-50-WB_TZ4-3_I-66-WB-TZ2-1,0.5205392375147833,0.6026877873277101
"Arlington, DC","Alexandria and Arlington, NOVA",PM,US-29-NB-TZ1-2_I-66-EB-TZ3-4,1.9212268804457837,0.054703110728524296
"Alexandria, DC","Loudoun County, NOVA",AM,US-50-EB,69.59022854986466,0.0
"Alexandria, DC","Loudoun County, NOVA",AM,US-29-NB,1.813337631272402,0.06977976259203111
"Alexandria, DC","Loudoun County, NOVA",AM,I-66-EB,20.9914122456817,0.0
"Alexandria, DC","Loudoun County, NOVA",PM,US-29-SB,0.3438607791138189,0.7309509889452159
"Alexandria, DC","Loudoun County, NOVA",PM,I-66-WB,0.3438607791138189,0.7309509889452159
"Alexandria, DC","Loudoun County, NOVA",PM,I-66-EB,0.3438607791138189,0.7309509889452159
"Alexandria, DC","Loudoun County, NOVA",PM,US-29-NB-TZ1-2_I-66-EB-TZ3-4,2.9082604062801303,0.0036344555616067975
"Alexandria, DC","Faquire, NOVA",AM,US-50-EB,64.93856472806989,0.0
"Alexandria, DC","Faquire, NOVA",AM,I-66-EB,19.552105233123537,0.0
"Alexandria, DC","Faquire, NOVA",AM,US-29-NB,2.682730519202703,0.007302380598142921
"Alexandria, DC","Faquire, NOVA",PM,US-29-NB-TZ1-2_I-66-EB-TZ3-4,2.682730519202703,0.007302380598142921
"Alexandria, DC","Prince William, NOVA",AM,I-66-EB,34.45610212469872,0.0
"Alexandria, DC","Prince William, NOVA",AM,US-29-NB,1.3824673865946093,0.16682823764069266
"Alexandria, DC","Prince William, NOVA",AM,US-50-EB,106.98822334736307,0.0
"Alexandria, DC","Prince William, NOVA",PM,US-50-WB,1.913970923481,0.055623871088260834
"Alexandria, DC","Prince William, NOVA",PM,I-66-WB,1.913970923481,0.055623871088260834
"Alexandria, DC","Prince William, NOVA",PM,US-29-NB-TZ1-2_I-66-EB-TZ3-4,4.734115750924901,2.2001214790012824e-06
"Alexandria, DC","Fairfax County, NOVA",AM,US-50-EB,156.6895046877236,0.0
"Alexandria, DC","Fairfax County, NOVA",AM,US-29-NB,4.428900913803814,9.471452200315866e-06
"Alexandria, DC","Fairfax County, NOVA",AM,I-66-WB,0.34835078475710984,0.7275767585730626
"Alexandria, DC","Fairfax County, NOVA",AM,I-66-EB,47.61641442329813,0.0
"Alexandria, DC","Fairfax County, NOVA",PM,US-29-SB,0.22031366393231483,0.8256268793074073
"Alexandria, DC","Fairfax County, NOVA",PM,US-50-WB,1.990251011383971,0.04656329154251804
"Alexandria, DC","Fairfax County, NOVA",PM,I-66-WB,2.4208175062467903,0.01548564926164464
"Alexandria, DC","Fairfax County, NOVA",PM,US-29-NB-TZ1-2_I-66-EB-TZ3-4,6.419170637278678,1.3701884071792847e-10
"Alexandria, DC","Alexandria and Arlington, NOVA",AM,US-50-EB,44.25410157526692,0.0
"Alexandria, DC","Alexandria and Arlington, NOVA",AM,I-66-EB,13.131584716640424,0.0
"Alexandria, DC","Alexandria and Arlington, NOVA",AM,US-29-NB,1.7506570625290092,0.08000499970926267
"Alexandria, DC","Alexandria and Arlington, NOVA",PM,US-29-NB-TZ1-2_I-66-EB-TZ3-4,1.7506570625290092,0.08000499970926267
"Maryland, DC","Loudoun County, NOVA",AM,US-50-WB,2.595868841421326,0.009435207403831303
"Maryland, DC","Loudoun County, NOVA",AM,US-50-EB,81.85666234111615,0.0
"Maryland, DC","Loudoun County, NOVA",AM,I-66-EB,26.54513772333339,0.0
"Maryland, DC","Loudoun County, NOVA",AM,US-29-NB,3.5134284421610147,0.0004423635484140931
"Maryland, DC","Loudoun County, NOVA",PM,US-29-NB-TZ1-2_I-66-EB-TZ3-4,3.5134284421610147,0.0004423635484140931
"Maryland, DC","Faquire, NOVA",AM,US-50-EB,64.17087708670805,0.0
"Maryland, DC","Faquire, NOVA",AM,I-66-EB,19.257395912863178,0.0
"Maryland, DC","Faquire, NOVA",AM,US-29-NB,2.5252276386178067,0.011562336687383379
"Maryland, DC","Faquire, NOVA",PM,US-50-WB,0.3960225311256744,0.6920884067744784
"Maryland, DC","Faquire, NOVA",PM,US-29-NB-TZ1-2_I-66-EB-TZ3-4,2.5252276386178067,0.011562336687383379
"Maryland, DC","Prince William, NOVA",AM,I-66-EB,24.22015135279189,0.0
"Maryland, DC","Prince William, NOVA",AM,US-50-WB,3.0558615096092336,0.0022441488556423916
"Maryland, DC","Prince William, NOVA",AM,US-29-NB,3.497417649750714,0.00046978572757727655
"Maryland, DC","Prince William, NOVA",AM,US-50-EB,122.29811643687124,0.0
"Maryland, DC","Prince William, NOVA",PM,US-50-WB,1.7516784154225253,0.0798291204195567
"Maryland, DC","Prince William, NOVA",PM,US-29-SB,0.19453241142730213,0.8457590197885612
"Maryland, DC","Prince William, NOVA",PM,US-29-NB-TZ1-2_I-66-EB-TZ3-4,5.140596595933545,2.7386748224778046e-07
"Maryland, DC","Fairfax County, NOVA",AM,US-50-EB,111.41984733149953,0.0
"Maryland, DC","Fairfax County, NOVA",AM,US-50-WB,2.097094533111539,0.03598520784191983
"Maryland, DC","Fairfax County, NOVA",AM,US-29-NB,4.192051692950575,2.7644298417506263e-05
"Maryland, DC","Fairfax County, NOVA",AM,US-29-SB-TZ4_I-66-WB-TZ3-2-1,0.16413596677453154,0.8696241083654905
"Maryland, DC","Fairfax County, NOVA",AM,I-66-WB,0.4020585166448629,0.6876409614674857
"Maryland, DC","Fairfax County, NOVA",AM,I-66-EB,47.20548593487921,0.0
"Maryland, DC","Fairfax County, NOVA",PM,I-66-WB,2.550863302507278,0.010745646331043801
"Maryland, DC","Fairfax County, NOVA",PM,US-29-SB-TZ4-3_I-66-WB-TZ2-1,0.16413596677453154,0.8696241083654905
"Maryland, DC","Fairfax County, NOVA",PM,US-29-NB-TZ1-2_I-66-EB-TZ3-4,6.092565342692248,1.111154723787422e-09
"Maryland, DC","Alexandria and Arlington, NOVA",AM,US-50-EB,45.0965657455886,0.0
"Maryland, DC","Alexandria and Arlington, NOVA",AM,I-66-EB,13.326440031901905,0.0
"Maryland, DC","Alexandria and Arlington, NOVA",AM,US-29-NB,1.7017098968629323,0.08880976423487175
"Maryland, DC","Alexandria and Arlington, NOVA",PM,US-29-NB-TZ1-2_I-66-EB-TZ3-4,1.7017098968629323,0.08880976423487175
"Tysons, DC","Loudoun County, NOVA",AM,US-50-EB,67.22465027900247,0.0
"Tysons, DC","Loudoun County, NOVA",AM,I-66-EB,13.839738011735047,0.0
"Tysons, DC","Loudoun County, NOVA",AM,US-29-NB,3.099154018654273,0.0019407410159149041
"Tysons, DC","Loudoun County, NOVA",PM,US-29-NB-TZ1-2_I-66-EB-TZ3-4,3.099154018654273,0.0019407410159149041
"Tysons, DC","Faquire, NOVA",AM,I-66-EB,9.890732674401297,0.0
"Tysons, DC","Faquire, NOVA",AM,US-50-EB,59.94148610096383,0.0
"Tysons, DC","Faquire, NOVA",AM,I-66-EB-TZ1-2_US-50-EB-TZ3-4,0.41123007102095743,0.6809038402828018
"Tysons, DC","Faquire, NOVA",AM,US-29-NB,2.4318508328973554,0.015021892427043104
"Tysons, DC","Faquire, NOVA",PM,US-50-WB,0.41123007102095743,0.6809038402828018
"Tysons, DC","Faquire, NOVA",PM,US-50-EB,0.41123007102095743,0.6809038402828018
"Tysons, DC","Faquire, NOVA",PM,US-29-NB-TZ1-2_I-66-EB-TZ3-4,2.4318508328973554,0.015021892427043104
"Tysons, DC","Prince William, NOVA",AM,US-29-NB,2.477571006072094,0.013228008514584388
"Tysons, DC","Prince William, NOVA",AM,I-66-EB,6.5201307289098605,7.02460312140829e-11
"Tysons, DC","Prince William, NOVA",AM,US-50-EB,92.6559988807884,0.0
"Tysons, DC","Prince William, NOVA",AM,I-66-WB,0.31303151007007624,0.7542567227316925
"Tysons, DC","Prince William, NOVA",AM,I-66-WB-TZ4-3_US-29-SB-TZ2-1,0.31303151007007624,0.7542567227316925
"Tysons, DC","Prince William, NOVA",PM,I-66-WB,0.2213449099293478,0.8248238839967117
"Tysons, DC","Prince William, NOVA",PM,I-66-EB,0.2213449099293478,0.8248238839967117
"Tysons, DC","Prince William, NOVA",PM,I-66-WB-TZ4-3_US-29-SB-TZ2-1,0.2213449099293478,0.8248238839967117
"Tysons, DC","Prince William, NOVA",PM,US-29-NB,0.2213449099293478,0.8248238839967117
"Tysons, DC","Prince William, NOVA",PM,US-29-NB-TZ1-2_I-66-EB-TZ3-4,4.517909204231049,6.245325222975495e-06
"Tysons, DC","Fairfax County, NOVA",AM,I-66-EB,6.837219662635822,8.074430013493838e-12
"Tysons, DC","Fairfax County, NOVA",AM,US-50-EB,75.40557372464792,0.0
"Tysons, DC","Fairfax County, NOVA",AM,I-66-EB-TZ1-2-3_US-29-NB-TZ4,0.2057275412036691,0.8370037439379254
"Tysons, DC","Fairfax County, NOVA",AM,US-29-NB,3.2917034319323633,0.0009958256463256099
"Tysons, DC","Fairfax County, NOVA",PM,US-50-WB,0.2057275412036691,0.8370037439379254
"Tysons, DC","Fairfax County, NOVA",PM,US-50-EB,0.2057275412036691,0.8370037439379254
"Tysons, DC","Fairfax County, NOVA",PM,I-66-EB,1.8525922320592945,0.0639408266887127
"Tysons, DC","Fairfax County, NOVA",PM,US-29-NB-TZ1-2-3_I-66-EB-TZ4,0.2057275412036691,0.8370037439379254
"Tysons, DC","Fairfax County, NOVA",PM,US-29-NB-TZ1-2_I-66-EB-TZ3-4,4.8608663838528265,1.1687312129193828e-06
"Tysons, DC","Alexandria and Arlington, NOVA",AM,US-50-EB,22.13280595451355,0.0
"Tysons, DC","Alexandria and Arlington, NOVA",AM,I-66-EB,6.212803487270965,5.204752184795325e-10
"Tysons, DC","Alexandria and Arlington, NOVA",AM,US-29-NB,0.75925145254545,0.4477021524882214
"Tysons, DC","Alexandria and Arlington, NOVA",PM,US-29-NB-TZ1-2_I-66-EB-TZ3-4,0.75925145254545,0.4477021524882214
"Fort Hunt and Belvoir, DC","Loudoun County, NOVA",AM,US-50-EB,58.47313202956396,0.0
"Fort Hunt and Belvoir, DC","Loudoun County, NOVA",AM,I-66-EB,17.37514673253404,0.0
"Fort Hunt and Belvoir, DC","Loudoun County, NOVA",AM,US-29-NB,2.1182772415588653,0.03415159488653652
"Fort Hunt and Belvoir, DC","Loudoun County, NOVA",PM,US-29-NB-TZ1-2_I-66-EB-TZ3-4,2.1182772415588653,0.03415159488653652
"Fort Hunt and Belvoir, DC","Faquire, NOVA",AM,US-50-EB,47.006317341044436,0.0
"Fort Hunt and Belvoir, DC","Faquire, NOVA",AM,I-66-EB,13.83766220267212,0.0
"Fort Hunt and Belvoir, DC","Faquire, NOVA",AM,US-29-NB,1.6729194665550942,0.09434315102516888
"Fort Hunt and Belvoir, DC","Faquire, NOVA",PM,US-29-NB-TZ1-2_I-66-EB-TZ3-4,1.6729194665550942,0.09434315102516888
"Fort Hunt and Belvoir, DC","Prince William, NOVA",AM,US-50-EB,85.28304321539775,0.0
"Fort Hunt and Belvoir, DC","Prince William, NOVA",AM,US-50-WB,0.4318145140268915,0.6658762298521439
"Fort Hunt and Belvoir, DC","Prince William, NOVA",AM,I-66-EB,27.23321738932414,0.0
"Fort Hunt and Belvoir, DC","Prince William, NOVA",AM,US-29-NB,3.2751940654106115,0.0010558941144578338
"Fort Hunt and Belvoir, DC","Prince William, NOVA",PM,US-50-WB,0.3053344535328131,0.7601114378783924
"Fort Hunt and Belvoir, DC","Prince William, NOVA",PM,US-29-NB-TZ1-2_I-66-EB-TZ3-4,3.2751940654106115,0.0010558941144578338
"Fort Hunt and Belvoir, DC","Fairfax County, NOVA",AM,US-50-EB,98.40725516456943,0.0
"Fort Hunt and Belvoir, DC","Fairfax County, NOVA",AM,I-66-EB,29.598838948710693,0.0
"Fort Hunt and Belvoir, DC","Fairfax County, NOVA",AM,US-29-NB,3.5345978057948475,0.00040839626176114585
"Fort Hunt and Belvoir, DC","Fairfax County, NOVA",PM,US-29-NB-TZ1-2_I-66-EB-TZ3-4,3.5345978057948475,0.00040839626176114585
"Fort Hunt and Belvoir, DC","Alexandria and Arlington, NOVA",AM,US-50-EB,29.617955172969204,0.0
"Fort Hunt and Belvoir, DC","Alexandria and Arlington, NOVA",AM,I-66-EB,8.412489947452306,0.0
"Fort Hunt and Belvoir, DC","Alexandria and Arlington, NOVA",AM,US-29-NB,0.9922489600830373,0.32107609447325425
"Fort Hunt and Belvoir, DC","Alexandria and Arlington, NOVA",PM,US-29-NB-TZ1-2_I-66-EB-TZ3-4,0.9922489600830373,0.32107609447325425
"Springfield, DC","Loudoun County, NOVA",AM,I-66-EB,12.13739424093689,0.0
"Springfield, DC","Loudoun County, NOVA",AM,US-29-NB,1.5127325291749438,0.13034761326181465
"Springfield, DC","Loudoun County, NOVA",AM,US-50-EB-TZ1-2_I-66-EB-TZ3-4,0.3946611093484918,0.6930930079102005
"Springfield, DC","Loudoun County, NOVA",AM,US-50-EB,72.19019398295191,0.0
"Springfield, DC","Loudoun County, NOVA",PM,US-29-NB-TZ1-2_I-66-EB-TZ3-4,2.5339379484332034,0.011278870230391425
"Springfield, DC","Faquire, NOVA",AM,US-50-EB,69.90852751155141,0.0
"Springfield, DC","Faquire, NOVA",AM,I-66-EB,20.840331136052697,0.0
"Springfield, DC","Faquire, NOVA",AM,US-29-NB,2.4347740774623507,0.014901090156884234
"Springfield, DC","Faquire, NOVA",PM,US-29-NB-TZ1-2_I-66-EB-TZ3-4,2.4347740774623507,0.014901090156884234
"Springfield, DC","Prince William, NOVA",AM,US-29-NB,3.2678721981167085,0.0010835928419747898
"Springfield, DC","Prince William, NOVA",AM,I-66-EB-TZ1-2_US-29-NB-TZ3-4,0.278268610085167,0.7808061703909672
"Springfield, DC","Prince William, NOVA",AM,US-50-EB,102.93593476103008,0.0
"Springfield, DC","Prince William, NOVA",AM,I-66-EB,30.942694306037186,0.0
"Springfield, DC","Prince William, NOVA",PM,US-29-NB-TZ1-2_I-66-EB-TZ3-4,3.593739648636334,0.0003259655578062848
"Springfield, DC","Fairfax County, NOVA",AM,I-66-EB,45.053604220807046,0.0
"Springfield, DC","Fairfax County, NOVA",AM,US-50-EB,142.77120971694046,0.0
"Springfield, DC","Fairfax County, NOVA",AM,US-29-NB,3.5681593832845593,0.0003594978090948331
"Springfield, DC","Fairfax County, NOVA",PM,US-29-NB-TZ1-2_I-66-EB-TZ3-4,5.2370578334886355,1.6315657913601456e-07
"Springfield, DC","Alexandria and Arlington, NOVA",AM,US-29-NB,0.5102796626516658,0.6098555486580228
"Springfield, DC","Alexandria and Arlington, NOVA",AM,I-66-EB,12.306549589503959,0.0
"Springfield, DC","Alexandria and Arlington, NOVA",AM,US-50-EB,43.00883110797169,0.0
"Springfield, DC","Alexandria and Arlington, NOVA",PM,US-29-NB-TZ1-2_I-66-EB-TZ3-4,1.4239536209076213,0.15445989819415007
"Annandale, DC","Loudoun County, NOVA",AM,US-50-EB,9.11451815981862,0.0
"Annandale, DC","Loudoun County, NOVA",AM,US-29-NB,16.06434538930027,0.0
"Annandale, DC","Loudoun County, NOVA",AM,I-66-EB,1.9099941263402314,0.05613396958878103
"Annandale, DC","Loudoun County, NOVA",AM,US-29-NB-TZ1-2_I-66-EB-TZ3-4,0.446082549982662,0.6555376172741574
"Annandale, DC","Loudoun County, NOVA",AM,I-66-EB-TZ1-2-3_US-29-NB-TZ4,0.446082549982662,0.6555376172741574
"Annandale, DC","Loudoun County, NOVA",PM,US-29-NB,0.446082549982662,0.6555376172741574
"Annandale, DC","Loudoun County, NOVA",PM,US-50-EB,4.024022922814214,5.721234482103377e-05
"Annandale, DC","Loudoun County, NOVA",PM,US-29-NB-TZ1-2_I-66-EB-TZ3-4,2.2418666391217474,0.024969992735747182
"Annandale, DC","Faquire, NOVA",AM,US-50-EB,8.349297923196694,0.0
"Annandale, DC","Faquire, NOVA",AM,I-66-EB,6.515306709081326,7.254130629519295e-11
"Annandale, DC","Faquire, NOVA",AM,US-29-NB,15.43993476716539,0.0
"Annandale, DC","Faquire, NOVA",AM,US-29-SB,0.502772682198161,0.6151241020955276
"Annandale, DC","Faquire, NOVA",AM,US-29-NB-TZ1-2_I-66-EB-TZ3-4,0.502772682198161,0.6151241020955276
"Annandale, DC","Faquire, NOVA",PM,US-50-EB,0.502772682198161,0.6151241020955276
"Annandale, DC","Faquire, NOVA",PM,US-29-NB,0.502772682198161,0.6151241020955276
"Annandale, DC","Faquire, NOVA",PM,US-29-NB-TZ1-2_I-66-EB-TZ3-4,1.9891096885577484,0.046689097173289396
"Annandale, DC","Prince William, NOVA",AM,I-66-WB-TZ4-3-2_US-29-SB-TZ1,0.28922310194509354,0.7724106541529356
"Annandale, DC","Prince William, NOVA",AM,I-66-EB,5.320198013983991,1.0365437153048163e-07
"Annandale, DC","Prince William, NOVA",AM,US-50-EB,4.320218315530407,1.5587491308588497e-05
"Annandale, DC","Prince William, NOVA",AM,US-29-NB-TZ1-2_I-66-EB-TZ3-4,4.541923640073425,5.574323341139831e-06
"Annandale, DC","Prince William, NOVA",AM,US-29-NB,15.952537182124198,0.0
"Annandale, DC","Prince William, NOVA",AM,I-66-EB-TZ1-2-3_US-29-NB-TZ4,0.28922310194509354,0.7724106541529356
"Annandale, DC","Prince William, NOVA",AM,US-29-NB-TZ1_I-66-EB-TZ2-3-4,0.28922310194509354,0.7724106541529356
"Annandale, DC","Prince William, NOVA",AM,I-66-EB-TZ1-2_US-29-NB-TZ3-4,0.28922310194509354,0.7724106541529356
"Annandale, DC","Prince William, NOVA",PM,US-50-EB,4.5044512499321865,6.654467122668706e-06
"Annandale, DC","Prince William, NOVA",PM,US-29-NB-TZ1-2_I-66-EB-TZ3-4,2.2404327670539823,0.025062841019149573
"Annandale, DC","Fairfax County, NOVA",AM,I-66-EB,3.779394907649613,0.00015720992666068412
"Annandale, DC","Fairfax County, NOVA",AM,US-50-EB,5.07226318725118,3.9311218413828897e-07
"Annandale, DC","Fairfax County, NOVA",AM,US-29-NB,15.850354750164017,0.0
"Annandale, DC","Fairfax County, NOVA",AM,I-66-EB-TZ1_US-50-EB-TZ2-3-4,0.23562720785240934,0.8137219590139251
"Annandale, DC","Fairfax County, NOVA",AM,US-29-NB-TZ1-2_I-66-EB-TZ3-4,6.764592268690205,1.3368417484116435e-11
"Annandale, DC","Fairfax County, NOVA",AM,US-29-NB-TZ1_I-66-EB-TZ2-3-4,2.1352740357200477,0.03273863248532671
"Annandale, DC","Fairfax County, NOVA",AM,US-29-SB,0.4081257444873616,0.683181360241707
"Annandale, DC","Fairfax County, NOVA",AM,I-66-EB-TZ1-2-3_US-29-NB-TZ4,0.23562720785240934,0.8137219590139251
"Annandale, DC","Fairfax County, NOVA",PM,US-50-WB,0.23562720785240934,0.8137219590139251
"Annandale, DC","Fairfax County, NOVA",PM,US-29-SB,0.23562720785240934,0.8137219590139251
"Annandale, DC","Fairfax County, NOVA",PM,US-29-NB,0.23562720785240934,0.8137219590139251
"Annandale, DC","Fairfax County, NOVA",PM,US-50-EB,5.6096746614851885,2.027073242594213e-08
"Annandale, DC","Fairfax County, NOVA",PM,I-66-EB,0.23562720785240934,0.8137219590139251
"Annandale, DC","Fairfax County, NOVA",PM,US-29-NB-TZ1-2_I-66-EB-TZ3-4,2.834422607531636,0.004590857629977352
"Annandale, DC","Alexandria and Arlington, NOVA",AM,US-50-EB,10.531902967151328,0.0
"Annandale, DC","Alexandria and Arlington, NOVA",AM,US-29-NB,8.727028732817125,0.0
"Annandale, DC","Alexandria and Arlington, NOVA",AM,I-66-EB,0.24475783311261703,0.8066439452463765
"Annandale, DC","Alexandria and Arlington, NOVA",AM,US-29-NB-TZ1-2_I-66-EB-TZ3-4,0.9753543090775879,0.32938453974635507
"Annandale, DC","Alexandria and Arlington, NOVA",PM,US-50-EB,0.9753543090775879,0.32938453974635507
"Annandale, DC","Alexandria and Arlington, NOVA",PM,US-29-NB-TZ1-2_I-66-EB-TZ3-4,1.0254419002446535,0.3051547262822605
