origin,destination,period,path,zscore,pvalue
"Loudoun County, NOVA","Capital Hill, DC",AM,US-50-EB,2.6543312176339624,0.007946578294858897
"Loudoun County, NOVA","Capital Hill, DC",AM,I-66-EB,0.8843376947788569,0.3765139456187363
"Loudoun County, NOVA","Capital Hill, DC",AM,I-66-WB,25.531402234429272,0.0
"Loudoun County, NOVA","Capital Hill, DC",AM,US-29-NB,1.8702958820307696,0.061442741086011
"Loudoun County, NOVA","Capital Hill, DC",PM,I-66-WB,31.449085800889783,0.0
"Loudoun County, NOVA","Arlington, DC",AM,I-66-EB,0.5037343213213386,0.6144480867180584
"Loudoun County, NOVA","Arlington, DC",AM,US-50-EB,0.5738174963661692,0.5660913076896901
"Loudoun County, NOVA","Arlington, DC",AM,US-29-NB,1.6990015618592833,0.08931888933235377
"Loudoun County, NOVA","Arlington, DC",AM,I-66-WB-TZ4-3-2_US-50-WB-TZ1,1.9618745361816987,0.04977709309805656
"Loudoun County, NOVA","Arlington, DC",PM,I-66-WB,1.019528058148106,0.3079523396034747
"Loudoun County, NOVA","Arlington, DC",PM,US-29-SB,19.102444559181826,0.0
"Loudoun County, NOVA","Arlington, DC",PM,I-66-EB,1.3872031455685423,0.16537982655612704
"Loudoun County, NOVA","Alexandria, DC",AM,I-66-EB,3.3980907208276747,0.0006785791347156955
"Loudoun County, NOVA","Alexandria, DC",AM,US-50-EB,0.024766906517804554,0.9802408877300304
"Loudoun County, NOVA","Alexandria, DC",AM,US-29-NB,1.010202805758851,0.31239813530948557
"Loudoun County, NOVA","Alexandria, DC",PM,I-66-EB,1.010202805758851,0.31239813530948557
"Loudoun County, NOVA","Alexandria, DC",PM,I-66-WB,1.010202805758851,0.31239813530948557
"Loudoun County, NOVA","Maryland, DC",AM,I-66-EB,3.1730321704557927,0.0015085580769396145
"Loudoun County, NOVA","Maryland, DC",AM,US-50-EB,1.5048022833901675,0.13237491654555833
"Loudoun County, NOVA","Maryland, DC",AM,I-66-WB,2.576839966994274,0.00997081014896306
"Loudoun County, NOVA","Maryland, DC",AM,US-29-NB,1.5866168746253047,0.11259944321985782
"Loudoun County, NOVA","Maryland, DC",AM,US-50-WB,4.449888652656767,8.591482109965298e-06
"Loudoun County, NOVA","Maryland, DC",AM,US-29-NB-TZ1_I-66-EB-TZ2-3-4,2.6967315189958048,0.0070023702067025795
"Loudoun County, NOVA","Maryland, DC",AM,I-66-EB-TZ1-2-3_US-29-NB-TZ4,0.25683516262396505,0.7973060244792642
"Loudoun County, NOVA","Maryland, DC",AM,I-66-EB-TZ1-2_US-29-NB-TZ3-4,4.993628958833005,5.92551875566727e-07
"Loudoun County, NOVA","Maryland, DC",AM,US-50-EB-TZ1-2_I-66-EB-TZ3-4,0.9811188984124452,0.32653411197486615
"Loudoun County, NOVA","Maryland, DC",PM,US-50-WB,1.0192505203251814,0.30808404776912157
"Loudoun County, NOVA","Maryland, DC",PM,I-66-EB,0.02696320861689906,0.9784890786254967
"Loudoun County, NOVA","Maryland, DC",PM,US-50-EB,0.5444371960924612,0.5861406554227564
"Loudoun County, NOVA","Maryland, DC",PM,US-50-EB-TZ1-2_I-66-EB-TZ3-4,3.223239420681251,0.0012674956308447172
"Loudoun County, NOVA","Maryland, DC",PM,I-66-WB,0.03813196211090386,0.9695824677550529
"Loudoun County, NOVA","Maryland, DC",PM,US-29-SB,0.9811188984124452,0.32653411197486615
"Loudoun County, NOVA","Tysons, DC",AM,I-66-EB,0.8403743102438241,0.4006985483958636
"Loudoun County, NOVA","Tysons, DC",AM,US-50-EB,2.1352667392751683,0.03273922814014729
"Loudoun County, NOVA","Tysons, DC",AM,US-29-NB,0.9545571591958486,0.33980169066041466
"Loudoun County, NOVA","Fort Hunt and Belvoir, DC",AM,I-66-EB,1.338235603751166,0.18081964633073078
"Loudoun County, NOVA","Fort Hunt and Belvoir, DC",AM,US-29-NB,1.023239071800216,0.3061948234432763
"Loudoun County, NOVA","Fort Hunt and Belvoir, DC",AM,US-50-EB,0.5211622210405208,0.6022537693443848
"Loudoun County, NOVA","Fort Hunt and Belvoir, DC",PM,I-66-WB,0.97735331864505,0.3283942650504357
"Loudoun County, NOVA","Fort Hunt and Belvoir, DC",PM,US-29-NB-TZ1-2_I-66-EB-TZ3-4,6.6386137360131245,3.166467088533409e-11
"Loudoun County, NOVA","Springfield, DC",AM,US-50-EB,1.9500730308695216,0.05116741515665457
"Loudoun County, NOVA","Springfield, DC",AM,US-29-NB,0.04166687880954781,0.9667642579006126
"Loudoun County, NOVA","Springfield, DC",AM,I-66-EB,1.003086138117127,0.3158193022962281
"Loudoun County, NOVA","Springfield, DC",AM,I-66-EB-TZ1_US-29-NB-TZ2-3-4,4.122518668093122,3.747522298436223e-05
"Loudoun County, NOVA","Springfield, DC",PM,I-66-EB,0.9710129430713446,0.3315418333338962
"Loudoun County, NOVA","Annandale, DC",AM,I-66-EB,1.0458935276386214,0.29561019295449587
"Loudoun County, NOVA","Annandale, DC",AM,US-50-EB,0.05544295998826908,0.9557855713291716
"Faquire, NOVA","Capital Hill, DC",AM,I-66-EB,1.037887326895124,0.29932251429414825
"Faquire, NOVA","Alexandria, DC",AM,I-66-EB,1.668724114962751,0.09517206771946007
"Faquire, NOVA","Maryland, DC",AM,I-66-EB,2.1664629704242735,0.030275826542868645
"Faquire, NOVA","Maryland, DC",AM,I-66-EB-TZ1-2_US-29-NB-TZ3-4,1.0920339050825354,0.274818198767826
"Faquire, NOVA","Maryland, DC",AM,US-50-EB,1.0920339050825354,0.274818198767826
"Faquire, NOVA","Maryland, DC",AM,US-29-NB,1.0920339050825354,0.274818198767826
"Faquire, NOVA","Tysons, DC",AM,I-66-EB,2.286533678432372,0.02222305618653664
"Faquire, NOVA","Springfield, DC",AM,I-66-EB,1.1666420042771604,0.2433549728326283
"Faquire, NOVA","Annandale, DC",AM,I-66-EB,0.8751068310851917,0.381515780560445
"Prince William, NOVA","Capital Hill, DC",AM,US-29-NB,2.4304879318407835,0.0150785081977729
"Prince William, NOVA","Capital Hill, DC",AM,I-66-EB,1.952648599739956,0.05086124818353244
"Prince William, NOVA","Capital Hill, DC",AM,I-66-EB-TZ1-2-3_US-29-NB-TZ4,0.8850252126351822,0.37614303325889864
"Prince William, NOVA","Capital Hill, DC",AM,US-50-EB,3.5910479185317215,0.00032935106970577444
"Prince William, NOVA","Capital Hill, DC",AM,I-66-EB-TZ1_US-29-NB-TZ2-3-4,0.9591611130516899,0.3374775872429012
"Prince William, NOVA","Capital Hill, DC",AM,I-66-EB-TZ1-2_US-29-NB-TZ3-4,0.9864415587470267,0.32391648000296813
"Prince William, NOVA","Capital Hill, DC",AM,I-66-WB,0.9864415587470267,0.32391648000296813
"Prince William, NOVA","Capital Hill, DC",PM,I-66-EB,1.3723285561708984,0.16996117980983305
"Prince William, NOVA","Capital Hill, DC",PM,US-50-EB-TZ1-2_I-66-EB-TZ3-4,0.9864415587470267,0.32391648000296813
"Prince William, NOVA","Capital Hill, DC",PM,US-29-NB,1.0137529850984777,0.3107006343426604
"Prince William, NOVA","Capital Hill, DC",PM,US-50-EB,1.0137529850984777,0.3107006343426604
"Prince William, NOVA","Arlington, DC",AM,US-29-NB,1.305960111766712,0.1915661226412393
"Prince William, NOVA","Arlington, DC",AM,I-66-EB,0.58160091354157,0.5608355274434853
"Prince William, NOVA","Arlington, DC",AM,I-66-EB-TZ1-2_US-29-NB-TZ3-4,0.9849747909039335,0.3246364538261366
"Prince William, NOVA","Arlington, DC",AM,US-50-EB,2.246468538799323,0.02467401252518142
"Prince William, NOVA","Arlington, DC",AM,I-66-EB-TZ1-2-3_US-29-NB-TZ4,1.6703431868624758,0.09485148321711767
"Prince William, NOVA","Arlington, DC",AM,US-29-NB-TZ1-2_I-66-EB-TZ3-4,1.0152670958742591,0.30997852473540943
"Prince William, NOVA","Arlington, DC",PM,I-66-EB,0.6036615446134498,0.5460686859895159
"Prince William, NOVA","Alexandria, DC",AM,I-66-EB,0.9180060848231489,0.35861568025686874
"Prince William, NOVA","Alexandria, DC",AM,US-50-EB,2.9513251318000915,0.00316413654949943
"Prince William, NOVA","Alexandria, DC",AM,I-66-EB-TZ1-2-3_US-29-NB-TZ4,1.324937399530301,0.1851919150993706
"Prince William, NOVA","Alexandria, DC",AM,US-29-NB,0.7606705848065272,0.44685384844165377
"Prince William, NOVA","Alexandria, DC",AM,I-66-EB-TZ1_US-29-NB-TZ2-3-4,1.0190614600494081,0.3081737894261276
"Prince William, NOVA","Maryland, DC",AM,I-66-EB,0.5964842934677593,0.550851743462625
"Prince William, NOVA","Maryland, DC",AM,I-66-EB-TZ1-2-3_US-29-NB-TZ4,0.8239348566942764,0.4099765734718759
"Prince William, NOVA","Maryland, DC",AM,I-66-EB-TZ1-2_US-50-EB-TZ3-4,2.780486239705755,0.0054277559940301146
"Prince William, NOVA","Maryland, DC",AM,US-29-NB,3.039603514312151,0.002368897801427128
"Prince William, NOVA","Maryland, DC",AM,US-50-EB,1.4287248218112922,0.15308334061294127
"Prince William, NOVA","Maryland, DC",AM,I-66-EB-TZ1-2_US-29-NB-TZ3-4,4.543580088608537,5.530677845921872e-06
"Prince William, NOVA","Maryland, DC",AM,I-66-EB-TZ1_US-29-NB-TZ2-3-4,3.568964306367111,0.000358395244553833
"Prince William, NOVA","Maryland, DC",AM,I-66-EB-TZ1-2-3_US-50-EB-TZ4,1.704674913275608,0.08825507112468212
"Prince William, NOVA","Maryland, DC",PM,I-66-WB,0.518196423277283,0.6043212300402478
"Prince William, NOVA","Maryland, DC",PM,I-66-EB,3.279271098208728,0.0010407560341612054
"Prince William, NOVA","Maryland, DC",PM,US-50-EB,0.607057668010568,0.5438126420273401
"Prince William, NOVA","Maryland, DC",PM,US-29-NB,2.274645072698567,0.022927229955651995
"Prince William, NOVA","Maryland, DC",PM,US-29-NB-TZ1-2_I-66-EB-TZ3-4,1.0172490339031754,0.309034975192676
"Prince William, NOVA","Tysons, DC",AM,I-66-EB,0.28218522796559403,0.7778014846280978
"Prince William, NOVA","Tysons, DC",AM,I-66-EB-TZ1-2-3_US-29-NB-TZ4,0.01483281164224522,0.9881655625525827
"Prince William, NOVA","Tysons, DC",AM,US-50-EB,1.4665065722465738,0.14251033203587538
"Prince William, NOVA","Tysons, DC",AM,US-29-NB,2.344814713936289,0.019036537158118483
"Prince William, NOVA","Tysons, DC",AM,I-66-EB-TZ1-2_US-29-NB-TZ3-4,1.0105567889470368,0.3122286062421167
"Prince William, NOVA","Tysons, DC",AM,I-66-EB-TZ1-2-3_US-50-EB-TZ4,1.0105567889470368,0.3122286062421167
"Prince William, NOVA","Tysons, DC",AM,I-66-EB-TZ1_US-29-NB-TZ2-3-4,1.0105567889470368,0.3122286062421167
"Prince William, NOVA","Tysons, DC",PM,I-66-EB,1.0105567889470368,0.3122286062421167
"Prince William, NOVA","Tysons, DC",PM,US-50-EB,1.0105567889470368,0.3122286062421167
"Prince William, NOVA","Fort Hunt and Belvoir, DC",AM,I-66-EB,0.1651372158967694,0.8688359810656519
"Prince William, NOVA","Fort Hunt and Belvoir, DC",AM,US-29-NB,0.10982708086287307,0.9125465135331197
"Prince William, NOVA","Fort Hunt and Belvoir, DC",AM,US-50-EB,0.32635121785097215,0.7441586412548966
"Prince William, NOVA","Fort Hunt and Belvoir, DC",AM,US-29-NB-TZ1-2_I-66-EB-TZ3-4,6.663499918314528,2.673816723586242e-11
"Prince William, NOVA","Fort Hunt and Belvoir, DC",AM,I-66-EB-TZ1-2-3_US-29-NB-TZ4,2.036481870148753,0.04170199180004097
"Prince William, NOVA","Fort Hunt and Belvoir, DC",PM,I-66-EB,2.2768741913871424,0.022793739478834008
"Prince William, NOVA","Fort Hunt and Belvoir, DC",PM,US-29-NB,1.0182164605801898,0.3085750985376188
"Prince William, NOVA","Springfield, DC",AM,US-50-EB,2.455876383870804,0.01405414925598314
"Prince William, NOVA","Springfield, DC",AM,I-66-EB,2.3047240378980605,0.021182033750392293
"Prince William, NOVA","Springfield, DC",AM,US-29-NB,2.190653548432616,0.028476872952890364
"Prince William, NOVA","Springfield, DC",AM,I-66-EB-TZ1-2-3_US-29-NB-TZ4,1.8306689150137463,0.06714997549160673
"Prince William, NOVA","Springfield, DC",AM,US-29-NB-TZ1-2-3_I-66-EB-TZ4,2.045714026445958,0.04078451490926249
"Prince William, NOVA","Springfield, DC",AM,I-66-EB-TZ1_US-29-NB-TZ2-3-4,1.0228355859261355,0.30638558942269256
"Prince William, NOVA","Springfield, DC",AM,US-50-WB,1.0228355859261355,0.30638558942269256
"Prince William, NOVA","Springfield, DC",PM,I-66-EB,0.04514864203021867,0.9639888301923065
"Prince William, NOVA","Springfield, DC",PM,US-50-EB,1.0228355859261355,0.30638558942269256
"Prince William, NOVA","Annandale, DC",AM,I-66-EB,0.9869279286054854,0.3236779715825373
"Prince William, NOVA","Annandale, DC",AM,US-29-NB,2.2299748366211847,0.025749113466474016
"Prince William, NOVA","Annandale, DC",AM,US-50-EB,0.4033125895451431,0.686718281338327
"Prince William, NOVA","Annandale, DC",AM,I-66-EB-TZ1-2-3_US-29-NB-TZ4,0.9760735519417747,0.32902801669768267
"Prince William, NOVA","Annandale, DC",PM,I-66-EB-TZ1-2-3_US-29-NB-TZ4,1.0245501758542963,0.30557548405878876
"Fairfax County, NOVA","Capital Hill, DC",AM,I-66-EB,1.188723155767107,0.23454862550237587
"Fairfax County, NOVA","Capital Hill, DC",AM,I-66-EB-TZ1-2-3_US-50-EB-TZ4,1.768965348298159,0.07689965748803429
"Fairfax County, NOVA","Capital Hill, DC",AM,US-50-EB,0.8265812366430209,0.4084744559685827
"Fairfax County, NOVA","Capital Hill, DC",AM,US-29-NB,0.9741950223871184,0.3299597156958083
"Fairfax County, NOVA","Capital Hill, DC",AM,I-66-EB-TZ1-2-3_US-29-NB-TZ4,1.4362787121745486,0.15092304903384757
"Fairfax County, NOVA","Capital Hill, DC",AM,I-66-WB,2.283730786162449,0.022387357576738598
"Fairfax County, NOVA","Capital Hill, DC",AM,I-66-EB-TZ1-2_US-50-EB-TZ3-4,1.021309784044095,0.3071076923881213
"Fairfax County, NOVA","Capital Hill, DC",AM,I-66-EB-TZ1-2_US-29-NB-TZ3-4,1.6594191450657425,0.0970313610573772
"Fairfax County, NOVA","Capital Hill, DC",AM,US-29-NB-TZ1-2_I-66-EB-TZ3-4,2.7694461683253864,0.005615168245470814
"Fairfax County, NOVA","Capital Hill, DC",AM,US-50-WB,1.3847115487929738,0.16614068631892076
"Fairfax County, NOVA","Capital Hill, DC",AM,US-29-NB-TZ1_I-66-EB-TZ2-3-4,2.59057608142597,0.009581543951392657
"Fairfax County, NOVA","Capital Hill, DC",PM,US-29-SB,15.049346472427272,0.0
"Fairfax County, NOVA","Capital Hill, DC",PM,US-29-NB,1.021309784044095,0.3071076923881213
"Fairfax County, NOVA","Capital Hill, DC",PM,I-66-EB,1.8658889829241034,0.06205689929518976
"Fairfax County, NOVA","Capital Hill, DC",PM,I-66-EB-TZ1-2_US-29-NB-TZ3-4,1.4443521533181072,0.14863994235057731
"Fairfax County, NOVA","Capital Hill, DC",PM,US-50-EB,1.1899455554798928,0.2340677916679328
"Fairfax County, NOVA","Capital Hill, DC",PM,US-50-WB,0.029820302262566753,0.9762103671020024
"Fairfax County, NOVA","Capital Hill, DC",PM,US-29-NB-TZ1-2_I-66-EB-TZ3-4,0.029820302262566753,0.9762103671020024
"Fairfax County, NOVA","Capital Hill, DC",PM,I-66-WB,2.59057608142597,0.009581543951392657
"Fairfax County, NOVA","Capital Hill, DC",PM,US-50-WB_TZ4-3_I-66-WB-TZ2-1,2.1894303177161025,0.02856557809110316
"Fairfax County, NOVA","Arlington, DC",AM,I-66-EB,0.2821197452843323,0.7778516933790769
"Fairfax County, NOVA","Arlington, DC",AM,I-66-EB-TZ1-2-3_US-50-EB-TZ4,1.7630303020594216,0.07789537908324862
"Fairfax County, NOVA","Arlington, DC",AM,US-50-EB,0.1699492499093214,0.8650500486233745
"Fairfax County, NOVA","Arlington, DC",AM,I-66-WB,2.879041402890793,0.003988859633162534
"Fairfax County, NOVA","Arlington, DC",AM,I-66-EB-TZ1-2_US-29-NB-TZ3-4,0.043414398811658976,0.9653711999314392
"Fairfax County, NOVA","Arlington, DC",AM,US-29-NB,0.6669030381604568,0.504834070188809
"Fairfax County, NOVA","Arlington, DC",AM,US-29-NB-TZ1-2_I-66-EB-TZ3-4,1.7630303020594216,0.07789537908324862
"Fairfax County, NOVA","Arlington, DC",AM,I-66-EB-TZ1-2-3_US-29-NB-TZ4,1.3230945249039012,0.18580394525074695
"Fairfax County, NOVA","Arlington, DC",AM,I-66-WB-TZ4-3-2_US-50-WB-TZ1,1.439505716194112,0.15000729158259207
"Fairfax County, NOVA","Arlington, DC",AM,US-50-EB-TZ1_I-66-EB-TZ2-3-4,2.0357755709969725,0.04177289655555683
"Fairfax County, NOVA","Arlington, DC",AM,US-29-NB-TZ1_I-66-EB-TZ2-3-4,1.7016333900271714,0.0888241141718431
"Fairfax County, NOVA","Arlington, DC",PM,I-66-EB,0.32689142481190464,0.7437500071200671
"Fairfax County, NOVA","Arlington, DC",PM,US-29-NB,0.5467454926649737,0.5845535952261183
"Fairfax County, NOVA","Arlington, DC",PM,US-50-EB,0.4076560375718721,0.6835262173203267
"Fairfax County, NOVA","Arlington, DC",PM,US-50-WB,0.6570968461788413,0.5111186466808517
"Fairfax County, NOVA","Arlington, DC",PM,I-66-EB-TZ1-2-3_US-29-NB-TZ4,1.0178824874810264,0.30873380506072134
"Fairfax County, NOVA","Arlington, DC",PM,I-66-WB,0.025065140889482175,0.9800030049814956
"Fairfax County, NOVA","Arlington, DC",PM,US-29-SB-TZ4_I-66-WB-TZ3-2-1,4.77446601841041,1.8018470364644656e-06
"Fairfax County, NOVA","Arlington, DC",PM,US-29-SB,0.9824350867925415,0.32588554786293233
"Fairfax County, NOVA","Arlington, DC",PM,US-29-NB-TZ1-2_I-66-EB-TZ3-4,1.7016333900271714,0.0888241141718431
"Fairfax County, NOVA","Alexandria, DC",AM,US-50-EB,2.084196464185525,0.03714230025298315
"Fairfax County, NOVA","Alexandria, DC",AM,US-29-NB,1.9620310383709993,0.04975887074046015
"Fairfax County, NOVA","Alexandria, DC",AM,I-66-EB,1.6791634907043178,0.09312018516996279
"Fairfax County, NOVA","Alexandria, DC",AM,I-66-EB-TZ1-2-3_US-29-NB-TZ4,1.1535976418168912,0.24866516562839358
"Fairfax County, NOVA","Alexandria, DC",AM,US-29-SB-TZ4_I-66-WB-TZ3-2-1,1.0227691127258605,0.3064170251540581
"Fairfax County, NOVA","Alexandria, DC",AM,I-66-WB,1.3827420240193915,0.1667439814086733
"Fairfax County, NOVA","Alexandria, DC",AM,US-29-NB-TZ1-2_I-66-EB-TZ3-4,0.9777434339611797,0.328201234086513
"Fairfax County, NOVA","Alexandria, DC",PM,I-66-EB,0.4376323039610128,0.6616528499352317
"Fairfax County, NOVA","Alexandria, DC",PM,I-66-WB,0.03183805486460249,0.974601198615537
"Fairfax County, NOVA","Alexandria, DC",PM,US-50-EB,1.4464181337485964,0.14805995870147481
"Fairfax County, NOVA","Alexandria, DC",PM,US-29-SB,0.9777434339611797,0.328201234086513
"Fairfax County, NOVA","Alexandria, DC",PM,US-50-WB,0.9777434339611797,0.328201234086513
"Fairfax County, NOVA","Alexandria, DC",PM,US-50-WB_TZ4_I-66-WB-TZ3-2-1,3.0919767035363948,0.0019882845248584413
"Fairfax County, NOVA","Maryland, DC",AM,I-66-EB,1.0771152265635637,0.28142879140536836
"Fairfax County, NOVA","Maryland, DC",AM,I-66-WB,1.8553594635510793,0.06354491196622769
"Fairfax County, NOVA","Maryland, DC",AM,I-66-EB-TZ1-2-3_US-50-EB-TZ4,3.2099721951845535,0.001327478125112247
"Fairfax County, NOVA","Maryland, DC",AM,US-29-NB,0.2914759117050558,0.7706873641520149
"Fairfax County, NOVA","Maryland, DC",AM,US-50-EB,3.208285074617084,0.0013352907031281003
"Fairfax County, NOVA","Maryland, DC",AM,I-66-EB-TZ1-2-3_US-29-NB-TZ4,0.20745507907723454,0.8356544711874636
"Fairfax County, NOVA","Maryland, DC",AM,I-66-WB-TZ4-3-2_US-29-SB-TZ1,1.0354752426938512,0.3004470225227074
"Fairfax County, NOVA","Maryland, DC",AM,US-29-NB-TZ1-2_I-66-EB-TZ3-4,0.12816709226325132,0.898016741817891
"Fairfax County, NOVA","Maryland, DC",AM,I-66-EB-TZ1-2_US-29-NB-TZ3-4,1.9717264519621394,0.04864084227917265
"Fairfax County, NOVA","Maryland, DC",AM,US-50-WB,0.7890773181916447,0.4300668178392355
"Fairfax County, NOVA","Maryland, DC",AM,US-50-EB-TZ1_I-66-EB-TZ2-3-4,1.439408581674344,0.15003479436080447
"Fairfax County, NOVA","Maryland, DC",AM,I-66-EB-TZ1_US-29-NB-TZ2-3-4,0.28040829804156764,0.7791642714067779
"Fairfax County, NOVA","Maryland, DC",AM,US-50-EB-TZ1-2-3_I-66-EB-TZ4,2.8788211000841035,0.00399164697691079
"Fairfax County, NOVA","Maryland, DC",AM,US-50-EB-TZ1-2_I-66-EB-TZ3-4,1.762908680033383,0.07791589284618827
"Fairfax County, NOVA","Maryland, DC",AM,US-29-SB,1.9649952269133315,0.04941478998748372
"Fairfax County, NOVA","Maryland, DC",AM,US-29-NB-TZ1_I-66-EB-TZ2-3-4,2.196931952131326,0.02802530646007262
"Fairfax County, NOVA","Maryland, DC",AM,I-66-EB-TZ1_US-50-EB-TZ2-3-4,0.9824969416834068,0.32585508890655723
"Fairfax County, NOVA","Maryland, DC",AM,US-29-NB-TZ1-2-3_I-66-EB-TZ4,1.7017353969733755,0.08880498174431795
"Fairfax County, NOVA","Maryland, DC",PM,US-29-SB,0.4247459143617173,0.6710219090382679
"Fairfax County, NOVA","Maryland, DC",PM,I-66-WB-TZ4_US-29-SB-TZ3-2-1,1.762908680033383,0.07791589284618827
"Fairfax County, NOVA","Maryland, DC",PM,I-66-EB,1.471388830148299,0.14118599243536045
"Fairfax County, NOVA","Maryland, DC",PM,US-50-WB,0.0865125006241882,0.9310590192678161
"Fairfax County, NOVA","Maryland, DC",PM,US-50-EB,0.9735408826244348,0.33028455164559745
"Fairfax County, NOVA","Maryland, DC",PM,I-66-EB-TZ1-2_US-50-EB-TZ3-4,1.2092677606491609,0.22655999248320224
"Fairfax County, NOVA","Maryland, DC",PM,US-29-SB-TZ4_I-66-WB-TZ3-2-1,3.328931039886644,0.0008717998728091647
"Fairfax County, NOVA","Maryland, DC",PM,I-66-EB-TZ1-2_US-29-NB-TZ3-4,0.6080273210311301,0.5431693537355244
"Fairfax County, NOVA","Maryland, DC",PM,US-50-EB-TZ1-2_I-66-EB-TZ3-4,1.439408581674344,0.15003479436080447
"Fairfax County, NOVA","Maryland, DC",PM,I-66-EB-TZ1_US-29-NB-TZ2-3-4,1.0178153370262353,0.308765721976326
"Fairfax County, NOVA","Maryland, DC",PM,I-66-WB,3.141570303602122,0.0016804445918003896
"Fairfax County, NOVA","Maryland, DC",PM,US-29-NB,0.03531841949145687,0.9718258358628558
"Fairfax County, NOVA","Maryland, DC",PM,US-50-EB-TZ1-2-3_I-66-EB-TZ4,1.0178153370262353,0.308765721976326
"Fairfax County, NOVA","Maryland, DC",PM,US-50-EB-TZ1_I-66-EB-TZ2-3-4,1.0178153370262353,0.308765721976326
"Fairfax County, NOVA","Maryland, DC",PM,US-29-NB-TZ1-2_I-66-EB-TZ3-4,0.9648384037109374,0.3346257572186506
"Fairfax County, NOVA","Maryland, DC",PM,US-29-SB-TZ4-3_I-66-WB-TZ2-1,1.7054327001838012,0.08811375397211862
"Fairfax County, NOVA","Maryland, DC",PM,US-50-WB_TZ4-3_I-66-WB-TZ2-1,4.551828275335724,5.318173653234837e-06
"Fairfax County, NOVA","Maryland, DC",PM,I-66-WB-TZ4-3_US-29-SB-TZ2-1,4.608341195657068,4.0589420882142235e-06
"Fairfax County, NOVA","Maryland, DC",PM,I-66-EB-TZ1-2-3_US-29-NB-TZ4,1.3894608165954965,0.16469266801318483
"Fairfax County, NOVA","Tysons, DC",AM,I-66-EB-TZ1-2-3_US-29-NB-TZ4,1.8303457282240085,0.06719825757669984
"Fairfax County, NOVA","Tysons, DC",AM,I-66-EB,2.5591244671319577,0.010493616276788131
"Fairfax County, NOVA","Tysons, DC",AM,US-50-EB,2.4020130196846265,0.01630512809459428
"Fairfax County, NOVA","Tysons, DC",AM,US-29-NB,0.989436219864741,0.3224497607737522
"Fairfax County, NOVA","Tysons, DC",AM,US-29-NB-TZ1-2_I-66-EB-TZ3-4,1.0215940350514319,0.3069730820363106
"Fairfax County, NOVA","Tysons, DC",PM,US-50-WB_TZ4_I-66-WB-TZ3-2-1,3.2307142780596694,0.001234813087679143
"Fairfax County, NOVA","Tysons, DC",PM,I-66-EB-TZ1-2-3_US-29-NB-TZ4,1.0215940350514319,0.3069730820363106
"Fairfax County, NOVA","Tysons, DC",PM,I-66-EB,0.030208822641988417,0.9759005122931552
"Fairfax County, NOVA","Tysons, DC",PM,US-50-EB,0.030208822641988417,0.9759005122931552
"Fairfax County, NOVA","Tysons, DC",PM,US-29-SB,0.9788725291730362,0.327642967118547
"Fairfax County, NOVA","Tysons, DC",PM,US-50-WB,0.9788725291730362,0.327642967118547
"Fairfax County, NOVA","Tysons, DC",PM,I-66-WB-TZ4-3_US-50-WB-TZ2-1,2.397800184927491,0.01649385996943975
"Fairfax County, NOVA","Fort Hunt and Belvoir, DC",AM,I-66-EB,1.9510046443356621,0.05105649331067652
"Fairfax County, NOVA","Fort Hunt and Belvoir, DC",AM,US-50-EB,3.0871582201885244,0.0020208000562109696
"Fairfax County, NOVA","Fort Hunt and Belvoir, DC",AM,I-66-EB-TZ1-2-3_US-29-NB-TZ4,1.257479111340326,0.20858019830596586
"Fairfax County, NOVA","Fort Hunt and Belvoir, DC",AM,US-29-NB-TZ1-2_I-66-EB-TZ3-4,0.026708727290741526,0.9786920522452702
"Fairfax County, NOVA","Fort Hunt and Belvoir, DC",AM,US-29-NB,4.803388179798107,1.5600302680773837e-06
"Fairfax County, NOVA","Fort Hunt and Belvoir, DC",AM,US-29-NB-TZ1_I-66-EB-TZ2-3-4,1.0190665494216589,0.30817137341613154
"Fairfax County, NOVA","Fort Hunt and Belvoir, DC",AM,US-50-EB-TZ1-2-3_I-66-EB-TZ4,1.0190665494216589,0.30817137341613154
"Fairfax County, NOVA","Fort Hunt and Belvoir, DC",AM,I-66-EB-TZ1-2-3_US-50-EB-TZ4,1.0379597440782142,0.2992887970426139
"Fairfax County, NOVA","Fort Hunt and Belvoir, DC",AM,I-66-WB,1.6996604276354799,0.08919481689063868
"Fairfax County, NOVA","Fort Hunt and Belvoir, DC",AM,I-66-EB-TZ1-2_US-29-NB-TZ3-4,0.9812947938076944,0.32644738936062145
"Fairfax County, NOVA","Fort Hunt and Belvoir, DC",AM,I-66-EB-TZ1-2_US-50-EB-TZ3-4,0.9812947938076944,0.32644738936062145
"Fairfax County, NOVA","Fort Hunt and Belvoir, DC",PM,I-66-EB-TZ1_US-29-NB-TZ2-3-4,1.0190665494216589,0.30817137341613154
"Fairfax County, NOVA","Fort Hunt and Belvoir, DC",PM,US-50-WB,2.278723495884958,0.022683507134610092
"Fairfax County, NOVA","Fort Hunt and Belvoir, DC",PM,I-66-EB,1.6103404240096457,0.1073235588539474
"Fairfax County, NOVA","Fort Hunt and Belvoir, DC",PM,US-29-NB,1.0190665494216589,0.30817137341613154
"Fairfax County, NOVA","Fort Hunt and Belvoir, DC",PM,US-50-EB,0.6101687473915274,0.5417500300929627
"Fairfax County, NOVA","Fort Hunt and Belvoir, DC",PM,US-29-SB-TZ4-3_I-66-WB-TZ2-1,1.0190665494216589,0.30817137341613154
"Fairfax County, NOVA","Fort Hunt and Belvoir, DC",PM,I-66-WB,1.0190665494216589,0.30817137341613154
"Fairfax County, NOVA","Fort Hunt and Belvoir, DC",PM,US-29-SB,1.6996604276354799,0.08919481689063868
"Fairfax County, NOVA","Springfield, DC",AM,US-29-NB,0.6823147053112305,0.49503997649675213
"Fairfax County, NOVA","Springfield, DC",AM,US-29-NB-TZ1-2_I-66-EB-TZ3-4,1.7681110095155013,0.07704234726517045
"Fairfax County, NOVA","Springfield, DC",AM,I-66-EB,2.8732466299219026,0.004062768159540875
"Fairfax County, NOVA","Springfield, DC",AM,US-50-EB,2.112629714123574,0.03463247339806985
"Fairfax County, NOVA","Springfield, DC",AM,US-50-EB-TZ1-2-3_I-66-EB-TZ4,1.0208146288138915,0.3073422722149486
"Fairfax County, NOVA","Springfield, DC",AM,I-66-WB,1.2958772425204135,0.19501778082177257
"Fairfax County, NOVA","Springfield, DC",AM,US-50-WB_TZ4-3_I-66-WB-TZ2-1,1.0208146288138915,0.3073422722149486
"Fairfax County, NOVA","Springfield, DC",AM,US-50-EB-TZ1_I-66-EB-TZ2-3-4,1.0208146288138915,0.3073422722149486
"Fairfax County, NOVA","Springfield, DC",AM,I-66-EB-TZ1-2-3_US-50-EB-TZ4,0.613157448735789,0.5397722372410576
"Fairfax County, NOVA","Springfield, DC",AM,I-66-EB-TZ1-2-3_US-29-NB-TZ4,1.4179704957965171,0.1561993788710283
"Fairfax County, NOVA","Springfield, DC",AM,I-66-EB-TZ1-2_US-29-NB-TZ3-4,0.5417961120439232,0.587958970062245
"Fairfax County, NOVA","Springfield, DC",AM,I-66-WB-TZ4-3_US-50-WB-TZ2-1,2.8873466949197812,0.003885058811407882
"Fairfax County, NOVA","Springfield, DC",AM,US-29-NB-TZ1_I-66-EB-TZ2-3-4,1.0208146288138915,0.3073422722149486
"Fairfax County, NOVA","Springfield, DC",AM,US-50-EB-TZ1-2_I-66-EB-TZ3-4,1.4436532433421048,0.14883653989497603
"Fairfax County, NOVA","Springfield, DC",PM,US-50-WB,1.0208146288138915,0.3073422722149486
"Fairfax County, NOVA","Springfield, DC",PM,US-50-EB-TZ1-2_I-66-EB-TZ3-4,1.0208146288138915,0.3073422722149486
"Fairfax County, NOVA","Springfield, DC",PM,I-66-EB,1.2958772425204135,0.19501778082177257
"Fairfax County, NOVA","Springfield, DC",PM,US-29-SB,1.0208146288138915,0.3073422722149486
"Fairfax County, NOVA","Springfield, DC",PM,I-66-EB-TZ1-2-3_US-50-EB-TZ4,1.0208146288138915,0.3073422722149486
"Fairfax County, NOVA","Springfield, DC",PM,I-66-WB,1.6967496728236353,0.08974399720450488
"Fairfax County, NOVA","Springfield, DC",PM,I-66-EB-TZ1-2_US-50-EB-TZ3-4,0.9796143331114561,0.32727652712775757
"Fairfax County, NOVA","Springfield, DC",PM,US-50-EB,1.9592423079924421,0.05008441655292484
"Fairfax County, NOVA","Annandale, DC",AM,I-66-EB,2.160580417917738,0.030727765418786523
"Fairfax County, NOVA","Annandale, DC",AM,US-50-EB,1.4019780574014147,0.1609217992296883
"Fairfax County, NOVA","Annandale, DC",AM,US-29-NB,0.3196425190868422,0.7492393384053213
"Fairfax County, NOVA","Annandale, DC",AM,I-66-EB-TZ1-2-3_US-29-NB-TZ4,1.7597525313846796,0.07844977469085967
"Fairfax County, NOVA","Annandale, DC",AM,I-66-EB-TZ1-2_US-29-NB-TZ3-4,0.02241315846126644,0.9821183840547787
"Fairfax County, NOVA","Annandale, DC",AM,US-29-NB-TZ1-2_I-66-EB-TZ3-4,1.0159804440637878,0.3096386991599793
"Fairfax County, NOVA","Annandale, DC",AM,US-50-EB-TZ1-2_I-66-EB-TZ3-4,1.0159804440637878,0.3096386991599793
"Fairfax County, NOVA","Annandale, DC",AM,I-66-EB-TZ1_US-29-NB-TZ2-3-4,0.984283656575345,0.32497606300919535
"Fairfax County, NOVA","Annandale, DC",PM,US-29-NB,1.0159804440637878,0.3096386991599793
"Fairfax County, NOVA","Annandale, DC",PM,I-66-EB,0.604884562844459,0.5452557009657486
"Fairfax County, NOVA","Annandale, DC",PM,US-50-EB,1.3919963071148296,0.16392351623010137
"Fairfax County, NOVA","Annandale, DC",PM,I-66-WB,0.984283656575345,0.32497606300919535
"Fairfax County, NOVA","Annandale, DC",PM,US-50-WB,0.984283656575345,0.32497606300919535
"Alexandria and Arlington, NOVA","Capital Hill, DC",AM,US-50-WB,2.4505875490951325,0.014262327402511099
"Alexandria and Arlington, NOVA","Capital Hill, DC",AM,US-29-SB,2.465144590472011,0.013695797169430257
"Alexandria and Arlington, NOVA","Capital Hill, DC",AM,US-29-SB-TZ4-3_I-66-WB-TZ2-1,1.423210107518456,0.15467525641453372
"Alexandria and Arlington, NOVA","Capital Hill, DC",AM,I-66-WB,0.7501914379689609,0.4531394147544403
"Alexandria and Arlington, NOVA","Capital Hill, DC",AM,US-50-EB-TZ1-2_I-66-EB-TZ3-4,1.0063541318044256,0.31424524961026457
"Alexandria and Arlington, NOVA","Capital Hill, DC",AM,I-66-EB,0.9937005746888496,0.3203686628785216
"Alexandria and Arlington, NOVA","Capital Hill, DC",PM,US-50-WB,2.4913705819265144,0.012725131688789082
"Alexandria and Arlington, NOVA","Capital Hill, DC",PM,I-66-WB,0.8093328139900259,0.418323736363011
"Alexandria and Arlington, NOVA","Capital Hill, DC",PM,US-29-SB,4.08017584732541,4.500164426168851e-05
"Alexandria and Arlington, NOVA","Capital Hill, DC",PM,US-29-SB-TZ4-3_I-66-WB-TZ2-1,0.987395537508733,0.3234487711726357
"Alexandria and Arlington, NOVA","Capital Hill, DC",PM,US-50-EB,0.9937005746888496,0.3203686628785216
"Alexandria and Arlington, NOVA","Capital Hill, DC",PM,US-29-SB-TZ4_I-66-WB-TZ3-2-1,0.9937005746888496,0.3203686628785216
"Alexandria and Arlington, NOVA","Arlington, DC",AM,US-50-WB,3.758647665383621,0.00017083420483587908
"Alexandria and Arlington, NOVA","Arlington, DC",AM,US-29-SB,2.245819794461262,0.024715552890659742
"Alexandria and Arlington, NOVA","Arlington, DC",PM,US-50-WB,1.6250737051710462,0.10414685492835618
"Alexandria and Arlington, NOVA","Arlington, DC",PM,US-29-SB-TZ4-3_I-66-WB-TZ2-1,0.9957765141524706,0.31935874394442054
"Alexandria and Arlington, NOVA","Arlington, DC",PM,US-29-SB,0.32063675206391357,0.7484856828203292
"Alexandria and Arlington, NOVA","Arlington, DC",PM,I-66-WB,3.223971588702926,0.0012642594216032421
"Alexandria and Arlington, NOVA","Arlington, DC",PM,US-29-NB,1.0042813103700885,0.31524303953615807
"Alexandria and Arlington, NOVA","Alexandria, DC",AM,US-29-NB-TZ1-2_I-66-EB-TZ3-4,1.0017104275846664,0.31648346895925394
"Alexandria and Arlington, NOVA","Alexandria, DC",PM,US-29-NB-TZ1-2_I-66-EB-TZ3-4,0.9983193605810213,0.31812452239645683
"Alexandria and Arlington, NOVA","Alexandria, DC",PM,US-50-WB,4.127747352197319,3.663342849025142e-05
"Alexandria and Arlington, NOVA","Alexandria, DC",PM,US-29-SB,2.8930961227420755,0.003814645347118395
"Alexandria and Arlington, NOVA","Alexandria, DC",PM,I-66-WB,1.5781290098592224,0.11453597487504785
"Alexandria and Arlington, NOVA","Maryland, DC",AM,US-50-WB,4.511579084526569,6.434678293310014e-06
"Alexandria and Arlington, NOVA","Maryland, DC",AM,I-66-WB-TZ4-3-2_US-50-WB-TZ1,1.0036605933002616,0.315542237423601
"Alexandria and Arlington, NOVA","Maryland, DC",AM,I-66-WB,1.6214003633691534,0.10493180289517356
"Alexandria and Arlington, NOVA","Maryland, DC",AM,US-29-SB,2.4613824753389375,0.013840273347056842
"Alexandria and Arlington, NOVA","Maryland, DC",AM,US-29-SB-TZ4-3_I-66-WB-TZ2-1,1.725744754300881,0.0843933426955421
"Alexandria and Arlington, NOVA","Maryland, DC",PM,I-66-WB,0.03267140366741397,0.9739366282798685
"Alexandria and Arlington, NOVA","Maryland, DC",PM,US-50-WB,4.558480313281592,5.1525093351934e-06
"Alexandria and Arlington, NOVA","Maryland, DC",PM,US-29-SB,2.1054877224149307,0.03524887493967421
"Alexandria and Arlington, NOVA","Maryland, DC",PM,US-29-SB-TZ4_I-66-WB-TZ3-2-1,0.696790236584902,0.4859340771040248
"Alexandria and Arlington, NOVA","Maryland, DC",PM,I-66-WB-TZ4-3_US-29-SB-TZ2-1,3.6532178313820576,0.0002589743510847953
"Alexandria and Arlington, NOVA","Maryland, DC",PM,US-29-SB-TZ4-3_I-66-WB-TZ2-1,0.45538705278525504,0.6488308081488254
"Alexandria and Arlington, NOVA","Maryland, DC",PM,I-66-EB,1.4193927168862506,0.1557845545702745
"Alexandria and Arlington, NOVA","Maryland, DC",PM,US-50-WB_TZ4-3_I-66-WB-TZ2-1,1.0036605933002616,0.315542237423601
"Alexandria and Arlington, NOVA","Maryland, DC",PM,US-50-EB-TZ1_I-66-EB-TZ2-3-4,1.725744754300881,0.0843933426955421
"Alexandria and Arlington, NOVA","Maryland, DC",PM,US-50-WB_TZ4_I-66-WB-TZ3-2-1,0.996355978096193,0.3190772142002509
"Alexandria and Arlington, NOVA","Maryland, DC",PM,US-50-EB,0.996355978096193,0.3190772142002509
"Alexandria and Arlington, NOVA","Tysons, DC",PM,US-50-WB,2.761496110383427,0.005753720194529022
"Alexandria and Arlington, NOVA","Tysons, DC",PM,US-29-SB,0.03968210491557898,0.968346568647523
"Alexandria and Arlington, NOVA","Tysons, DC",PM,US-29-SB-TZ4_I-66-WB-TZ3-2-1,0.022907860543279316,0.981723770235214
"Alexandria and Arlington, NOVA","Tysons, DC",PM,I-66-WB,2.410548147899898,0.01592856872589765
"Alexandria and Arlington, NOVA","Fort Hunt and Belvoir, DC",AM,US-50-WB,4.840424281583156,1.295622151564757e-06
"Alexandria and Arlington, NOVA","Fort Hunt and Belvoir, DC",PM,US-50-WB,2.1237890193124516,0.03368778961191188
"Alexandria and Arlington, NOVA","Fort Hunt and Belvoir, DC",PM,I-66-WB,0.017712892873886558,0.9858678952358768
"Alexandria and Arlington, NOVA","Fort Hunt and Belvoir, DC",PM,US-29-SB,0.05315637602979262,0.9576073133285308
"Alexandria and Arlington, NOVA","Fort Hunt and Belvoir, DC",PM,US-29-SB-TZ4-3_I-66-WB-TZ2-1,1.7539889873757115,0.07943239417297243
"Alexandria and Arlington, NOVA","Fort Hunt and Belvoir, DC",PM,US-50-EB,1.0126238784140165,0.3112398498418536
"Alexandria and Arlington, NOVA","Springfield, DC",PM,I-66-WB,0.461055607864602,0.6447587097446832
"Alexandria and Arlington, NOVA","Springfield, DC",PM,US-29-SB,0.45641185849440336,0.6480938399237257
"Alexandria and Arlington, NOVA","Springfield, DC",PM,US-50-WB,1.8600435760172678,0.06287936104213476
"Alexandria and Arlington, NOVA","Springfield, DC",PM,US-29-SB-TZ4-3_I-66-WB-TZ2-1,0.9805685528430491,0.3268055483669816
"Alexandria and Arlington, NOVA","Annandale, DC",AM,US-50-WB,2.8016925833518815,0.005083528944445748
"Alexandria and Arlington, NOVA","Annandale, DC",PM,US-29-SB,0.023962980101118844,0.9808821378212043
"Alexandria and Arlington, NOVA","Annandale, DC",PM,US-50-WB,0.5394529195188119,0.5895743745439859
"Alexandria and Arlington, NOVA","Annandale, DC",PM,US-29-SB-TZ4-3_I-66-WB-TZ2-1,0.013833071569692214,0.988963157757595
"Alexandria and Arlington, NOVA","Annandale, DC",PM,I-66-WB,1.715375236878184,0.08627645250867078
"Capital Hill, DC","Loudoun County, NOVA",AM,US-50-WB,0.715697942934389,0.47417788127282456
"Capital Hill, DC","Loudoun County, NOVA",AM,US-29-SB-TZ4-3_I-66-WB-TZ2-1,2.260360703011545,0.023798873336954518
"Capital Hill, DC","Loudoun County, NOVA",AM,I-66-WB,7.135020000201069,9.676703882632864e-13
"Capital Hill, DC","Loudoun County, NOVA",AM,I-66-WB-TZ4-3_US-29-SB-TZ2-1,1.9785674899665604,0.047864722952116745
"Capital Hill, DC","Loudoun County, NOVA",PM,I-66-WB,0.876298348961895,0.3808678623820758
"Capital Hill, DC","Loudoun County, NOVA",PM,US-29-SB-TZ4-3_I-66-WB-TZ2-1,2.1385932977665028,0.032468620783379976
"Capital Hill, DC","Loudoun County, NOVA",PM,US-29-NB,1.010849948030496,0.3120882528591187
"Capital Hill, DC","Loudoun County, NOVA",PM,US-50-WB,0.723902365623381,0.46912567756470636
"Capital Hill, DC","Loudoun County, NOVA",PM,US-29-SB,1.309317964509348,0.1904266668653627
"Capital Hill, DC","Loudoun County, NOVA",PM,I-66-EB,0.015256973923996057,0.9878271683189668
"Capital Hill, DC","Loudoun County, NOVA",PM,I-66-WB-TZ4_US-50-WB-TZ3-2-1,1.0324552725368705,0.30185889037572
"Capital Hill, DC","Loudoun County, NOVA",PM,US-29-SB-TZ4_I-66-WB-TZ3-2-1,1.010849948030496,0.3120882528591187
"Capital Hill, DC","Loudoun County, NOVA",PM,I-66-WB-TZ4-3_US-29-SB-TZ2-1,1.7134837388471984,0.08662358242381751
"Capital Hill, DC","Loudoun County, NOVA",PM,I-66-WB-TZ4_US-29-SB-TZ3-2-1,1.3990487393483468,0.16179836788490443
"Capital Hill, DC","Loudoun County, NOVA",PM,US-50-WB_TZ4_I-66-WB-TZ3-2-1,0.9892734037679696,0.3225293929709676
"Capital Hill, DC","Faquire, NOVA",AM,I-66-WB,2.669599861049115,0.007594168723979999
"Capital Hill, DC","Faquire, NOVA",AM,US-50-WB,1.344294452678851,0.1788531886990461
"Capital Hill, DC","Faquire, NOVA",PM,I-66-WB,2.9297675835095722,0.0033921561452989746
"Capital Hill, DC","Faquire, NOVA",PM,US-29-SB,2.879676378500945,0.003980835597075183
"Capital Hill, DC","Faquire, NOVA",PM,US-50-WB,1.5998430184903905,0.10963341281299921
"Capital Hill, DC","Faquire, NOVA",PM,I-66-WB-TZ4-3_US-29-SB-TZ2-1,0.0325367598738346,0.9740440013985066
"Capital Hill, DC","Faquire, NOVA",PM,US-29-SB-TZ4-3-2_I-66-WB-TZ1,1.0103451207255434,0.3123299707629903
"Capital Hill, DC","Faquire, NOVA",PM,US-29-SB-TZ4-3_I-66-WB-TZ2-1,2.618734060234083,0.008825672189345601
"Capital Hill, DC","Faquire, NOVA",PM,US-29-SB-TZ4_I-66-WB-TZ3-2-1,0.9897677132952939,0.3222876693349215
"Capital Hill, DC","Faquire, NOVA",PM,I-66-WB-TZ4-3-2_US-50-WB-TZ1,0.9897677132952939,0.3222876693349215
"Capital Hill, DC","Prince William, NOVA",AM,I-66-EB,1.0085398448361464,0.3131953694350509
"Capital Hill, DC","Prince William, NOVA",AM,I-66-WB,3.5001047005933246,0.0004650754507582455
"Capital Hill, DC","Prince William, NOVA",AM,US-50-WB,0.8182174764456952,0.41323301769138343
"Capital Hill, DC","Prince William, NOVA",AM,US-29-SB,2.824330468341582,0.004737950577274663
"Capital Hill, DC","Prince William, NOVA",AM,I-66-WB-TZ4-3_US-29-SB-TZ2-1,2.2171531408645406,0.02661262845414658
"Capital Hill, DC","Prince William, NOVA",PM,US-50-WB,0.6006586683663915,0.5480673532512967
"Capital Hill, DC","Prince William, NOVA",PM,I-66-WB,3.2856853783207054,0.0010173457419722087
"Capital Hill, DC","Prince William, NOVA",PM,I-66-WB-TZ4-3_US-29-SB-TZ2-1,0.35885677896916723,0.7197022342635704
"Capital Hill, DC","Prince William, NOVA",PM,US-29-SB,2.87658673036143,0.0040200170468511764
"Capital Hill, DC","Prince William, NOVA",PM,I-66-WB-TZ4-3_US-50-WB-TZ2-1,0.012024031888914965,0.9904064417663168
"Capital Hill, DC","Prince William, NOVA",PM,US-29-SB-TZ4_I-66-WB-TZ3-2-1,1.6538926384314365,0.09814932866386217
"Capital Hill, DC","Prince William, NOVA",PM,I-66-WB-TZ4_US-50-WB-TZ3-2-1,1.0085398448361464,0.3131953694350509
"Capital Hill, DC","Prince William, NOVA",PM,US-29-SB-TZ4-3_I-66-WB-TZ2-1,0.8129803399554887,0.41622933015208563
"Capital Hill, DC","Prince William, NOVA",PM,I-66-WB-TZ4_US-29-SB-TZ3-2-1,1.0085398448361464,0.3131953694350509
"Capital Hill, DC","Prince William, NOVA",PM,I-66-WB-TZ4-3-2_US-50-WB-TZ1,0.9915353203350222,0.32142425439467104
"Capital Hill, DC","Prince William, NOVA",PM,I-66-EB,0.9915353203350222,0.32142425439467104
"Capital Hill, DC","Prince William, NOVA",PM,US-50-EB,2.2171531408645406,0.02661262845414658
"Capital Hill, DC","Prince William, NOVA",PM,US-50-WB_TZ4_I-66-WB-TZ3-2-1,0.9915353203350222,0.32142425439467104
"Capital Hill, DC","Fairfax County, NOVA",AM,I-66-EB,1.4235186380837395,0.15458586304634658
"Capital Hill, DC","Fairfax County, NOVA",AM,US-29-NB-TZ1-2_I-66-EB-TZ3-4,1.006578937750311,0.3141371601984373
"Capital Hill, DC","Fairfax County, NOVA",AM,US-50-WB_TZ4_I-66-WB-TZ3-2-1,2.2507855875255345,0.02439912081328588
"Capital Hill, DC","Fairfax County, NOVA",AM,US-50-WB,0.8354084909155152,0.4034877507108292
"Capital Hill, DC","Fairfax County, NOVA",AM,I-66-WB,5.848804737022879,4.951178800283174e-09
"Capital Hill, DC","Fairfax County, NOVA",AM,US-29-SB-TZ4-3_I-66-WB-TZ2-1,2.2507855875255345,0.02439912081328588
"Capital Hill, DC","Fairfax County, NOVA",AM,US-29-NB-TZ1_I-66-EB-TZ2-3-4,1.006578937750311,0.3141371601984373
"Capital Hill, DC","Fairfax County, NOVA",AM,US-29-SB,4.030738529350039,5.560187021602658e-05
"Capital Hill, DC","Fairfax County, NOVA",AM,I-66-WB-TZ4-3-2_US-50-WB-TZ1,0.9934655311496289,0.3204831400899164
"Capital Hill, DC","Fairfax County, NOVA",AM,US-50-EB,0.9934655311496289,0.3204831400899164
"Capital Hill, DC","Fairfax County, NOVA",AM,US-29-SB-TZ4_I-66-WB-TZ3-2-1,1.9869354704282054,0.04692954827240392
"Capital Hill, DC","Fairfax County, NOVA",PM,I-66-WB,5.317098183939026,1.0543518191852286e-07
"Capital Hill, DC","Fairfax County, NOVA",PM,US-29-SB-TZ4-3_I-66-WB-TZ2-1,3.8644598996526183,0.0001113352780508503
"Capital Hill, DC","Fairfax County, NOVA",PM,US-50-WB,1.014765062598681,0.31021783149231075
"Capital Hill, DC","Fairfax County, NOVA",PM,I-66-WB-TZ4_US-50-WB-TZ3-2-1,0.7256714173201043,0.4680402280452025
"Capital Hill, DC","Fairfax County, NOVA",PM,I-66-WB-TZ4-3_US-50-WB-TZ2-1,2.5506294698950245,0.010752857713134167
"Capital Hill, DC","Fairfax County, NOVA",PM,I-66-WB-TZ4-3_US-29-SB-TZ2-1,0.41790694245878857,0.6760151564329608
"Capital Hill, DC","Fairfax County, NOVA",PM,US-29-SB,3.9218232571887803,8.788144701554756e-05
"Capital Hill, DC","Fairfax County, NOVA",PM,US-29-SB-TZ4_I-66-WB-TZ3-2-1,1.2856818621333534,0.19855411384254618
"Capital Hill, DC","Fairfax County, NOVA",PM,I-66-EB-TZ1-2-3_US-29-NB-TZ4,1.006578937750311,0.3141371601984373
"Capital Hill, DC","Fairfax County, NOVA",PM,US-50-WB_TZ4_I-66-WB-TZ3-2-1,1.3563358635781377,0.1749923295902478
"Capital Hill, DC","Fairfax County, NOVA",PM,I-66-WB-TZ4_US-29-SB-TZ3-2-1,1.006578937750311,0.3141371601984373
"Capital Hill, DC","Fairfax County, NOVA",PM,I-66-EB,1.006578937750311,0.3141371601984373
"Capital Hill, DC","Fairfax County, NOVA",PM,US-29-NB-TZ1_I-66-EB-TZ2-3-4,0.9934655311496289,0.3204831400899164
"Capital Hill, DC","Fairfax County, NOVA",PM,US-50-WB_TZ4-3_I-66-WB-TZ2-1,0.9934655311496289,0.3204831400899164
"Capital Hill, DC","Fairfax County, NOVA",PM,US-29-SB-TZ4-3-2_I-66-WB-TZ1,2.221463032211448,0.02631961589643672
"Capital Hill, DC","Alexandria and Arlington, NOVA",AM,US-50-WB,3.729812326421792,0.00019162244536707895
"Capital Hill, DC","Alexandria and Arlington, NOVA",AM,US-50-WB_TZ4-3_I-66-WB-TZ2-1,1.003341484963861,0.31569612651193
"Capital Hill, DC","Alexandria and Arlington, NOVA",PM,I-66-WB,0.9983134500604376,0.3181273875580115
"Capital Hill, DC","Alexandria and Arlington, NOVA",PM,US-50-WB,2.3542289684884605,0.01856117395025758
"Capital Hill, DC","Alexandria and Arlington, NOVA",PM,US-29-SB-TZ4_I-66-WB-TZ3-2-1,0.9966915896809947,0.318914233251514
"Capital Hill, DC","Alexandria and Arlington, NOVA",PM,US-29-SB,2.898668114821284,0.003747513436926475
"Capital Hill, DC","Alexandria and Arlington, NOVA",PM,I-66-WB-TZ4-3_US-50-WB-TZ2-1,1.003341484963861,0.31569612651193
"Capital Hill, DC","Alexandria and Arlington, NOVA",PM,US-29-SB-TZ4-3_I-66-WB-TZ2-1,2.243638575434858,0.024855665167277774
"Arlington, DC","Loudoun County, NOVA",AM,I-66-WB-TZ4-3_US-50-WB-TZ2-1,0.994995129950651,0.31973863295946114
"Arlington, DC","Loudoun County, NOVA",AM,US-50-EB,0.9899855660403225,0.32218117411300984
"Arlington, DC","Loudoun County, NOVA",AM,I-66-WB,0.11146238166465056,0.9112496947532107
"Arlington, DC","Loudoun County, NOVA",AM,US-50-WB,0.679577988722774,0.49677171079810156
"Arlington, DC","Loudoun County, NOVA",AM,US-29-NB-TZ1-2_I-66-EB-TZ3-4,1.0050381195053926,0.3148784948408532
"Arlington, DC","Loudoun County, NOVA",PM,US-29-SB,2.8645453918773094,0.00417608297185823
"Arlington, DC","Loudoun County, NOVA",PM,I-66-WB-TZ4-3-2_US-29-SB-TZ1,0.994995129950651,0.31973863295946114
"Arlington, DC","Loudoun County, NOVA",PM,I-66-WB,0.8749953870031437,0.38157641568779144
"Arlington, DC","Loudoun County, NOVA",PM,US-50-WB,0.9983055267139543,0.31813122847594166
"Arlington, DC","Loudoun County, NOVA",PM,US-50-WB_TZ4_I-66-WB-TZ3-2-1,1.723395964732942,0.08481694414507168
"Arlington, DC","Loudoun County, NOVA",PM,US-50-WB_TZ4-3_I-66-WB-TZ2-1,3.300158089614206,0.0009663037862954749
"Arlington, DC","Loudoun County, NOVA",PM,I-66-WB-TZ4-3_US-50-WB-TZ2-1,1.0050381195053926,0.3148784948408532
"Arlington, DC","Loudoun County, NOVA",PM,US-29-SB-TZ4-3_I-66-WB-TZ2-1,1.0050381195053926,0.3148784948408532
"Arlington, DC","Faquire, NOVA",AM,US-50-EB,1.7390235620496521,0.08203061849438176
"Arlington, DC","Faquire, NOVA",AM,I-66-WB,2.308573688719656,0.02096724938922856
"Arlington, DC","Faquire, NOVA",AM,US-29-SB,0.22608644181955126,0.8211341894618356
"Arlington, DC","Faquire, NOVA",AM,US-50-WB,1.509446024074487,0.13118483907564005
"Arlington, DC","Faquire, NOVA",PM,I-66-WB,1.654795144077929,0.09796605933785574
"Arlington, DC","Faquire, NOVA",PM,US-29-SB-TZ4-3_I-66-WB-TZ2-1,2.2451013599401906,0.02476162633323109
"Arlington, DC","Faquire, NOVA",PM,US-29-SB,0.2427480325041955,0.8082005955327496
"Arlington, DC","Faquire, NOVA",PM,US-50-WB,1.5887148426439868,0.11212478641252188
"Arlington, DC","Faquire, NOVA",PM,US-50-EB,0.9960184522550001,0.3192411797326373
"Arlington, DC","Faquire, NOVA",PM,US-50-WB_TZ4-3_I-66-WB-TZ2-1,0.9960184522550001,0.3192411797326373
"Arlington, DC","Prince William, NOVA",AM,US-50-WB,1.146525981620411,0.2515775831778413
"Arlington, DC","Prince William, NOVA",AM,US-50-WB_TZ4-3_I-66-WB-TZ2-1,2.2278528340197017,0.02589033029417842
"Arlington, DC","Prince William, NOVA",AM,US-50-EB,0.3877401677814889,0.6982083271613297
"Arlington, DC","Prince William, NOVA",AM,I-66-WB,3.3005519751004364,0.0009649483854132779
"Arlington, DC","Prince William, NOVA",AM,US-29-SB-TZ4_I-66-WB-TZ3-2-1,1.4194501903179078,0.1557678086812142
"Arlington, DC","Prince William, NOVA",AM,I-66-EB-TZ1-2-3_US-29-NB-TZ4,1.0037006574373732,0.3155229200892391
"Arlington, DC","Prince William, NOVA",AM,I-66-EB,1.0037006574373732,0.3155229200892391
"Arlington, DC","Prince William, NOVA",PM,I-66-WB,2.6994183058538552,0.006946080724442361
"Arlington, DC","Prince William, NOVA",PM,US-29-SB,0.43330720051501453,0.6647916077504963
"Arlington, DC","Prince William, NOVA",PM,I-66-WB-TZ4_US-50-WB-TZ3-2-1,0.996317349954588,0.31909597644028587
"Arlington, DC","Prince William, NOVA",PM,US-50-WB,1.7027903235251174,0.0886073143607895
"Arlington, DC","Prince William, NOVA",PM,US-29-SB-TZ4_I-66-WB-TZ3-2-1,1.6239829761795865,0.10437944187401804
"Arlington, DC","Prince William, NOVA",PM,US-29-SB-TZ4-3_I-66-WB-TZ2-1,0.9926322165860165,0.32088921872051657
"Arlington, DC","Prince William, NOVA",PM,US-50-WB_TZ4-3_I-66-WB-TZ2-1,1.992647789154386,0.04630002828283186
"Arlington, DC","Prince William, NOVA",PM,US-50-EB,1.7384681473285337,0.08212835793608031
"Arlington, DC","Prince William, NOVA",PM,I-66-WB-TZ4-3_US-29-SB-TZ2-1,1.0037006574373732,0.3155229200892391
"Arlington, DC","Prince William, NOVA",PM,US-50-WB_TZ4_I-66-WB-TZ3-2-1,1.0037006574373732,0.3155229200892391
"Arlington, DC","Fairfax County, NOVA",AM,I-66-WB,2.5306292336108624,0.011385813247834164
"Arlington, DC","Fairfax County, NOVA",AM,US-29-NB,1.7185336470682653,0.08569932267589064
"Arlington, DC","Fairfax County, NOVA",AM,US-50-WB_TZ4_I-66-WB-TZ3-2-1,1.4031747210713386,0.16056474376613217
"Arlington, DC","Fairfax County, NOVA",AM,US-50-WB,3.626125562596733,0.0002877054985408467
"Arlington, DC","Fairfax County, NOVA",AM,US-50-EB,1.7185336470682653,0.08569932267589064
"Arlington, DC","Fairfax County, NOVA",AM,I-66-WB-TZ4-3_US-29-SB-TZ2-1,1.4031747210713386,0.16056474376613217
"Arlington, DC","Fairfax County, NOVA",AM,I-66-EB,0.9921928571787122,0.3211034561961823
"Arlington, DC","Fairfax County, NOVA",AM,US-29-SB,6.45391839575694,1.0899459113034027e-10
"Arlington, DC","Fairfax County, NOVA",PM,I-66-WB,3.179146549510136,0.0014770939052985987
"Arlington, DC","Fairfax County, NOVA",PM,US-50-WB,4.029942024091336,5.5790611401596024e-05
"Arlington, DC","Fairfax County, NOVA",PM,US-29-SB,0.779393150273711,0.43574815755493335
"Arlington, DC","Fairfax County, NOVA",PM,US-50-WB_TZ4_I-66-WB-TZ3-2-1,0.01108658193477437,0.9911543686486863
"Arlington, DC","Fairfax County, NOVA",PM,I-66-WB-TZ4-3_US-29-SB-TZ2-1,0.9921928571787122,0.3211034561961823
"Arlington, DC","Fairfax County, NOVA",PM,US-29-SB-TZ4_I-66-WB-TZ3-2-1,1.2897597485518015,0.19713408740892513
"Arlington, DC","Fairfax County, NOVA",PM,US-50-WB_TZ4-3_I-66-WB-TZ2-1,2.9766146508390747,0.002914500849441337
"Arlington, DC","Fairfax County, NOVA",PM,US-29-SB-TZ4-3_I-66-WB-TZ2-1,1.0157156301047376,0.3097648227839216
"Arlington, DC","Fairfax County, NOVA",PM,I-66-EB-TZ1-2-3_US-29-NB-TZ4,0.9921928571787122,0.3211034561961823
"Arlington, DC","Fairfax County, NOVA",PM,US-29-SB-TZ4-3-2_I-66-WB-TZ1,1.0078716279561832,0.3135160937863919
"Arlington, DC","Fairfax County, NOVA",PM,US-29-NB,1.0078716279561832,0.3135160937863919
"Arlington, DC","Fairfax County, NOVA",PM,US-50-EB,1.0078716279561832,0.3135160937863919
"Arlington, DC","Alexandria and Arlington, NOVA",AM,I-66-WB,1.9871721091949295,0.0469033274967674
"Arlington, DC","Alexandria and Arlington, NOVA",AM,US-29-NB,0.9935155349867016,0.32045878364064384
"Arlington, DC","Alexandria and Arlington, NOVA",PM,US-50-WB,1.371518284081797,0.1702134477657884
"Arlington, DC","Alexandria and Arlington, NOVA",PM,I-66-WB,1.7552041604132211,0.07922439253177926
"Arlington, DC","Alexandria and Arlington, NOVA",PM,US-29-SB,1.6492554921128126,0.09909530370700481
"Arlington, DC","Alexandria and Arlington, NOVA",PM,US-50-WB_TZ4-3_I-66-WB-TZ2-1,0.9935155349867016,0.32045878364064384
"Alexandria, DC","Loudoun County, NOVA",AM,US-50-EB,0.9943944879787822,0.32003085058044944
"Alexandria, DC","Loudoun County, NOVA",AM,US-29-NB,0.9943944879787822,0.32003085058044944
"Alexandria, DC","Loudoun County, NOVA",PM,US-29-SB,0.9943944879787822,0.32003085058044944
"Alexandria, DC","Loudoun County, NOVA",PM,I-66-WB,0.007964486031654219,0.9936453267433889
"Alexandria, DC","Loudoun County, NOVA",PM,I-66-EB,0.9943944879787822,0.32003085058044944
"Alexandria, DC","Faquire, NOVA",AM,US-50-EB,1.002948776082357,0.3158855768929758
"Alexandria, DC","Faquire, NOVA",PM,I-66-WB,0.9970838596905607,0.31872380671557154
"Alexandria, DC","Prince William, NOVA",AM,I-66-EB,0.993612490385062,0.3204115609275844
"Alexandria, DC","Prince William, NOVA",AM,US-29-NB,1.7210007244612848,0.08525069242915917
"Alexandria, DC","Prince William, NOVA",AM,US-50-EB,0.4328936944461543,0.6650920011159465
"Alexandria, DC","Prince William, NOVA",AM,US-29-NB-TZ1-2_I-66-EB-TZ3-4,1.0064364130972314,0.314205684934181
"Alexandria, DC","Prince William, NOVA",PM,US-50-WB,1.7210007244612848,0.08525069242915917
"Alexandria, DC","Prince William, NOVA",PM,I-66-WB,1.7210007244612848,0.08525069242915917
"Alexandria, DC","Prince William, NOVA",PM,US-29-SB,1.743212583200627,0.081296488269188
"Alexandria, DC","Prince William, NOVA",PM,US-50-EB,1.0064364130972314,0.314205684934181
"Alexandria, DC","Fairfax County, NOVA",AM,US-50-EB,1.4108274047986784,0.15829551177888113
"Alexandria, DC","Fairfax County, NOVA",AM,US-29-NB,0.9976035198107966,0.3184716536231913
"Alexandria, DC","Fairfax County, NOVA",AM,I-66-WB,0.3261360819047478,0.7443213987482951
"Alexandria, DC","Fairfax County, NOVA",AM,I-66-EB,2.004825627640039,0.04498169177444278
"Alexandria, DC","Fairfax County, NOVA",PM,US-29-SB,1.4108274047986784,0.15829551177888113
"Alexandria, DC","Fairfax County, NOVA",PM,US-50-WB,1.6271360992713828,0.10370819558270128
"Alexandria, DC","Fairfax County, NOVA",PM,I-66-WB,0.3716173628496494,0.71017775980735
"Alexandria, DC","Fairfax County, NOVA",PM,US-29-NB-TZ1-2_I-66-EB-TZ3-4,1.0024064677548872,0.3161473196427287
"Alexandria, DC","Fairfax County, NOVA",PM,I-66-EB,1.0024064677548872,0.3161473196427287
"Alexandria, DC","Fairfax County, NOVA",PM,US-50-EB,1.0024064677548872,0.3161473196427287
"Alexandria, DC","Alexandria and Arlington, NOVA",AM,I-66-EB,1.004301708060642,0.31523321061069787
"Maryland, DC","Loudoun County, NOVA",AM,US-50-WB,2.0431616125361387,0.04103644240563131
"Maryland, DC","Loudoun County, NOVA",AM,US-50-EB,1.7694176905556123,0.07682419554605957
"Maryland, DC","Loudoun County, NOVA",AM,I-66-WB,2.3979094019447666,0.016488943003154954
"Maryland, DC","Loudoun County, NOVA",AM,US-29-NB,0.9789087492198736,0.32762506877890374
"Maryland, DC","Loudoun County, NOVA",PM,US-50-WB,0.9789087492198736,0.32762506877890374
"Maryland, DC","Loudoun County, NOVA",PM,I-66-EB,0.9789087492198736,0.32762506877890374
"Maryland, DC","Loudoun County, NOVA",PM,I-66-WB,0.9789087492198736,0.32762506877890374
"Maryland, DC","Faquire, NOVA",AM,US-50-EB,1.0155376601345434,0.3098496040615335
"Maryland, DC","Faquire, NOVA",AM,I-66-WB,0.98472644471784,0.3247584594281756
"Maryland, DC","Faquire, NOVA",PM,US-50-WB,1.0155376601345434,0.3098496040615335
"Maryland, DC","Prince William, NOVA",AM,I-66-EB,1.7578035280410806,0.07878094484853859
"Maryland, DC","Prince William, NOVA",AM,US-50-WB,1.7834029568387963,0.07452073227040557
"Maryland, DC","Prince William, NOVA",AM,US-29-NB,0.02085939160380637,0.9833578203751623
"Maryland, DC","Prince William, NOVA",AM,US-50-EB,0.6654823995537286,0.5057419972114252
"Maryland, DC","Prince William, NOVA",AM,I-66-WB,3.413516358464124,0.0006413030841661005
"Maryland, DC","Prince William, NOVA",PM,US-50-WB,1.435235928613478,0.15121987858482555
"Maryland, DC","Prince William, NOVA",PM,US-29-SB,1.0148617753851805,0.3101717214330262
"Maryland, DC","Prince William, NOVA",PM,I-66-WB,1.7067084970110482,0.08787624710002961
"Maryland, DC","Fairfax County, NOVA",AM,US-50-EB,3.929690858406133,8.505514239098844e-05
"Maryland, DC","Fairfax County, NOVA",AM,US-50-WB,2.2687558210047745,0.02328317894120424
"Maryland, DC","Fairfax County, NOVA",AM,US-29-NB,1.0146091010082825,0.3102921993235064
"Maryland, DC","Fairfax County, NOVA",AM,US-29-SB-TZ4_I-66-WB-TZ3-2-1,1.0146091010082825,0.3102921993235064
"Maryland, DC","Fairfax County, NOVA",AM,I-66-WB,2.064317292301275,0.03898764252024445
"Maryland, DC","Fairfax County, NOVA",PM,I-66-WB,0.8565544023746621,0.391691194748617
"Maryland, DC","Fairfax County, NOVA",PM,US-29-SB-TZ4-3_I-66-WB-TZ2-1,1.0146091010082825,0.3102921993235064
"Maryland, DC","Fairfax County, NOVA",PM,I-66-WB-TZ4_US-29-SB-TZ3-2-1,0.9856057915874055,0.32432659490104276
"Maryland, DC","Fairfax County, NOVA",PM,US-50-WB,0.9856057915874055,0.32432659490104276
"Maryland, DC","Fairfax County, NOVA",PM,US-29-SB,2.203901852110127,0.027531247281055382
"Maryland, DC","Fairfax County, NOVA",PM,I-66-EB,0.9856057915874055,0.32432659490104276
"Maryland, DC","Fairfax County, NOVA",PM,US-50-WB_TZ4_I-66-WB-TZ3-2-1,0.9856057915874055,0.32432659490104276
"Maryland, DC","Alexandria and Arlington, NOVA",AM,I-66-EB,0.987102674456559,0.32359230681018536
"Maryland, DC","Alexandria and Arlington, NOVA",AM,I-66-WB,1.7098131059591712,0.08730043869306914
"Tysons, DC","Loudoun County, NOVA",AM,US-50-EB,1.371203833010178,0.1703114236690586
"Tysons, DC","Loudoun County, NOVA",AM,I-66-EB,2.3683111510390824,0.017869500511553893
"Tysons, DC","Loudoun County, NOVA",PM,I-66-WB,0.9672120325646039,0.3334380482481132
"Tysons, DC","Faquire, NOVA",AM,I-66-EB,1.4040874264585215,0.16029281728837796
"Tysons, DC","Faquire, NOVA",AM,US-50-EB,0.25053438924892163,0.8021741136889344
"Tysons, DC","Faquire, NOVA",AM,I-66-EB-TZ1-2_US-50-EB-TZ3-4,1.0280497734379679,0.30392641513280205
"Tysons, DC","Faquire, NOVA",AM,US-29-NB,1.684888881560863,0.09201001210302273
"Tysons, DC","Faquire, NOVA",AM,I-66-WB,0.9727432982846594,0.3306808999836388
"Tysons, DC","Faquire, NOVA",AM,I-66-EB-TZ1-2-3_US-50-EB-TZ4,0.9727432982846594,0.3306808999836388
"Tysons, DC","Faquire, NOVA",PM,US-50-WB,1.0280497734379679,0.30392641513280205
"Tysons, DC","Faquire, NOVA",PM,US-50-EB,1.0280497734379679,0.30392641513280205
"Tysons, DC","Prince William, NOVA",AM,US-29-NB,2.537921951102105,0.011151285056432148
"Tysons, DC","Prince William, NOVA",AM,I-66-EB,0.3771360818740365,0.7060724781095533
"Tysons, DC","Prince William, NOVA",AM,US-50-EB,3.436433006092648,0.0005894281066711748
"Tysons, DC","Prince William, NOVA",AM,I-66-WB,1.4652458945304754,0.1428538422624437
"Tysons, DC","Prince William, NOVA",AM,I-66-WB-TZ4-3_US-29-SB-TZ2-1,1.4652458945304754,0.1428538422624437
"Tysons, DC","Prince William, NOVA",AM,US-50-WB,1.671760323214574,0.09457159360743672
"Tysons, DC","Prince William, NOVA",AM,I-66-EB-TZ1-2_US-50-EB-TZ3-4,0.9651833592462502,0.3344529803177827
"Tysons, DC","Prince William, NOVA",PM,I-66-WB,1.0360810608238626,0.30016432704036644
"Tysons, DC","Prince William, NOVA",PM,I-66-EB,1.0360810608238626,0.30016432704036644
"Tysons, DC","Prince William, NOVA",PM,I-66-WB-TZ4-3_US-29-SB-TZ2-1,1.0360810608238626,0.30016432704036644
"Tysons, DC","Prince William, NOVA",PM,US-29-NB,1.0360810608238626,0.30016432704036644
"Tysons, DC","Prince William, NOVA",PM,US-50-EB,1.671760323214574,0.09457159360743672
"Tysons, DC","Fairfax County, NOVA",AM,I-66-EB,0.5689184885602312,0.5694114577421536
"Tysons, DC","Fairfax County, NOVA",AM,US-50-EB,1.6243119984238337,0.10430923779011048
"Tysons, DC","Fairfax County, NOVA",AM,I-66-EB-TZ1-2-3_US-29-NB-TZ4,0.9412829658512083,0.34655986969599906
"Tysons, DC","Fairfax County, NOVA",AM,US-29-NB,0.9412829658512083,0.34655986969599906
"Tysons, DC","Fairfax County, NOVA",PM,US-50-WB,1.030025159354652,0.3029981952360614
"Tysons, DC","Fairfax County, NOVA",PM,US-50-EB,0.04183836300260563,0.9666275525206338
"Tysons, DC","Fairfax County, NOVA",PM,I-66-EB,1.0561439966834918,0.29090243229435164
"Tysons, DC","Fairfax County, NOVA",PM,US-29-NB-TZ1-2-3_I-66-EB-TZ4,1.030025159354652,0.3029981952360614
"Tysons, DC","Fairfax County, NOVA",PM,I-66-WB-TZ4-3_US-29-SB-TZ2-1,0.9708569897744486,0.3316194985801646
"Fort Hunt and Belvoir, DC","Faquire, NOVA",AM,US-50-EB,0.9995349062823471,0.31753563833178333
"Fort Hunt and Belvoir, DC","Faquire, NOVA",AM,I-66-EB,1.0005273698854573,0.31705535901301873
"Fort Hunt and Belvoir, DC","Prince William, NOVA",AM,US-50-EB,1.7504844360171148,0.08003475747246003
"Fort Hunt and Belvoir, DC","Prince William, NOVA",AM,US-50-WB,1.429253120251144,0.15293149485263524
"Fort Hunt and Belvoir, DC","Prince William, NOVA",AM,I-66-WB,1.7138935787367167,0.0865482725824791
"Fort Hunt and Belvoir, DC","Prince William, NOVA",AM,I-66-EB,1.7138935787367167,0.0865482725824791
"Fort Hunt and Belvoir, DC","Prince William, NOVA",PM,US-50-WB,1.0106264865706294,0.31219523391121307
"Fort Hunt and Belvoir, DC","Fairfax County, NOVA",AM,I-66-EB,1.4135267034456058,0.15750091547568812
"Fort Hunt and Belvoir, DC","Fairfax County, NOVA",AM,US-50-WB_TZ4-3_I-66-WB-TZ2-1,0.9995073806343944,0.3175489655124921
"Fort Hunt and Belvoir, DC","Alexandria and Arlington, NOVA",PM,I-66-WB,1.001501311058583,0.31658450659982096
"Springfield, DC","Loudoun County, NOVA",AM,I-66-EB,0.05956434918011972,0.9525026131631775
"Springfield, DC","Loudoun County, NOVA",AM,US-29-NB,1.0246241960651048,0.3055405431829441
"Springfield, DC","Loudoun County, NOVA",AM,US-50-EB-TZ1-2_I-66-EB-TZ3-4,1.0246241960651048,0.3055405431829441
"Springfield, DC","Loudoun County, NOVA",AM,US-50-EB,2.182502483016462,0.029072468204814683
"Springfield, DC","Faquire, NOVA",AM,US-50-EB,1.583118734422042,0.11339440431380976
"Springfield, DC","Faquire, NOVA",AM,I-66-EB,3.666264231765451,0.0002461196206042793
"Springfield, DC","Faquire, NOVA",AM,US-29-NB,0.9796677374297145,0.32725015646910727
"Springfield, DC","Faquire, NOVA",PM,I-66-EB,0.9796677374297145,0.32725015646910727
"Springfield, DC","Prince William, NOVA",AM,US-29-NB,2.2660121434638376,0.023450639750992375
"Springfield, DC","Prince William, NOVA",AM,I-66-EB-TZ1-2_US-29-NB-TZ3-4,0.0187666013799328,0.9850272973663978
"Springfield, DC","Prince William, NOVA",AM,US-50-EB,3.5583303086459024,0.0003732197885530919
"Springfield, DC","Prince William, NOVA",AM,I-66-EB,1.7092532889783725,0.08740404173650052
"Springfield, DC","Fairfax County, NOVA",AM,I-66-EB,3.8332949191844636,0.00012643821546887146
"Springfield, DC","Fairfax County, NOVA",AM,US-50-EB,2.7632537282894267,0.005722826051741459
"Springfield, DC","Fairfax County, NOVA",AM,US-29-NB,0.021889155077055227,0.9825363756987249
"Springfield, DC","Fairfax County, NOVA",AM,US-50-WB_TZ4_I-66-WB-TZ3-2-1,0.9846449675949124,0.3247984933827326
"Springfield, DC","Fairfax County, NOVA",PM,I-66-EB-TZ1-2_US-29-NB-TZ3-4,0.9846449675949124,0.3247984933827326
"Springfield, DC","Alexandria and Arlington, NOVA",AM,US-29-NB,1.0004705598865253,0.31708283800832415
"Springfield, DC","Alexandria and Arlington, NOVA",AM,I-66-EB,0.0006048818207374174,0.9995173741635539
"Springfield, DC","Alexandria and Arlington, NOVA",AM,US-50-EB,0.9996151644009862,0.31749678159582784
"Annandale, DC","Loudoun County, NOVA",AM,US-50-EB,0.020850596757186864,0.9833648361216465
"Annandale, DC","Loudoun County, NOVA",AM,US-29-NB,0.013248715134593737,0.9894293639857676
"Annandale, DC","Loudoun County, NOVA",AM,I-66-EB,1.0518838938730803,0.2928528222439162
"Annandale, DC","Loudoun County, NOVA",AM,US-29-NB-TZ1-2_I-66-EB-TZ3-4,0.9967615509639436,0.31888026525821567
"Annandale, DC","Loudoun County, NOVA",AM,I-66-EB-TZ1-2-3_US-29-NB-TZ4,1.0016728911205364,0.31650160368037095
"Annandale, DC","Loudoun County, NOVA",PM,US-29-NB,0.0023395603624628077,0.9981333026106327
"Annandale, DC","Loudoun County, NOVA",PM,US-50-EB,0.8125296131560952,0.41648780146385267
"Annandale, DC","Loudoun County, NOVA",PM,US-29-NB-TZ1-2-3_I-66-EB-TZ4,0.998364310142434,0.3181027333706241
"Annandale, DC","Faquire, NOVA",AM,US-50-EB,1.4004072512135217,0.1613913998461145
"Annandale, DC","Faquire, NOVA",AM,I-66-EB,0.32570748859371934,0.744645677863564
"Annandale, DC","Faquire, NOVA",AM,US-29-NB,1.631672880095156,0.10274841611107433
"Annandale, DC","Faquire, NOVA",AM,US-29-SB,1.001336621142327,0.31666409378462124
"Annandale, DC","Faquire, NOVA",AM,US-29-NB-TZ1-2_I-66-EB-TZ3-4,0.997460570386679,0.31854100350531667
"Annandale, DC","Faquire, NOVA",AM,I-66-EB-TZ1-2-3_US-29-NB-TZ4,1.7298903225903564,0.08364987262779766
"Annandale, DC","Faquire, NOVA",PM,US-50-EB,1.3388507213860608,0.18061927480206852
"Annandale, DC","Faquire, NOVA",PM,US-29-NB,0.001858119543165643,0.9985174359575009
"Annandale, DC","Faquire, NOVA",PM,US-29-SB,0.9987089008279226,0.3179357276169603
"Annandale, DC","Faquire, NOVA",PM,US-50-WB,0.9987089008279226,0.3179357276169603
"Annandale, DC","Prince William, NOVA",AM,I-66-WB-TZ4-3-2_US-29-SB-TZ1,1.005564462335726,0.3146251260563022
"Annandale, DC","Prince William, NOVA",AM,I-66-EB,2.888144322788622,0.0038752202063474517
"Annandale, DC","Prince William, NOVA",AM,US-50-EB,2.6535429964074972,0.007965162211584609
"Annandale, DC","Prince William, NOVA",AM,US-29-NB-TZ1-2_I-66-EB-TZ3-4,0.8521244350302064,0.39414503124798284
"Annandale, DC","Prince William, NOVA",AM,US-29-NB,0.18259870226314232,0.855112902667817
"Annandale, DC","Prince William, NOVA",AM,I-66-EB-TZ1-2-3_US-29-NB-TZ4,0.00783747307978322,0.9937466652535387
"Annandale, DC","Prince William, NOVA",AM,US-29-NB-TZ1_I-66-EB-TZ2-3-4,1.005564462335726,0.3146251260563022
"Annandale, DC","Prince William, NOVA",AM,I-66-EB-TZ1-2_US-29-NB-TZ3-4,1.005564462335726,0.3146251260563022
"Annandale, DC","Prince William, NOVA",AM,US-50-EB-TZ1_I-66-EB-TZ2-3-4,0.9944806815923734,0.31998890589743967
"Annandale, DC","Prince William, NOVA",PM,US-50-EB,0.015675624870674837,0.9874931731439687
"Annandale, DC","Prince William, NOVA",PM,US-29-NB-TZ1-2_I-66-EB-TZ3-4,1.005564462335726,0.3146251260563022
"Annandale, DC","Prince William, NOVA",PM,US-29-SB,1.7225159270012476,0.08497610015229085
"Annandale, DC","Prince William, NOVA",PM,US-50-WB,1.7225159270012476,0.08497610015229085
"Annandale, DC","Prince William, NOVA",PM,I-66-EB,1.4064182160981713,0.15959997422593553
"Annandale, DC","Prince William, NOVA",PM,US-29-NB,0.9944806815923734,0.31998890589743967
"Annandale, DC","Fairfax County, NOVA",AM,I-66-EB,3.9661559779348465,7.304107326300269e-05
"Annandale, DC","Fairfax County, NOVA",AM,US-50-EB,1.552652123630161,0.12050626592135183
"Annandale, DC","Fairfax County, NOVA",AM,US-29-NB,0.6655393881341934,0.505705559393933
"Annandale, DC","Fairfax County, NOVA",AM,I-66-EB-TZ1_US-50-EB-TZ2-3-4,0.9972848773660148,0.31862625202431527
"Annandale, DC","Fairfax County, NOVA",AM,US-29-NB-TZ1-2_I-66-EB-TZ3-4,2.541498273533131,0.011037849133477495
"Annandale, DC","Fairfax County, NOVA",AM,US-29-NB-TZ1_I-66-EB-TZ2-3-4,1.7273647608490332,0.08410217520548202
"Annandale, DC","Fairfax County, NOVA",AM,US-29-SB,1.7273647608490332,0.08410217520548202
"Annandale, DC","Fairfax County, NOVA",AM,I-66-EB-TZ1-2-3_US-29-NB-TZ4,1.0054704271598227,0.3146703824929107
"Annandale, DC","Fairfax County, NOVA",AM,US-29-SB-TZ4_I-66-WB-TZ3-2-1,1.0027321992730656,0.31599008967577435
"Annandale, DC","Fairfax County, NOVA",PM,US-50-WB,0.003851856861181002,0.9969266704797728
"Annandale, DC","Fairfax County, NOVA",PM,US-29-SB,0.9972848773660148,0.31862625202431527
"Annandale, DC","Fairfax County, NOVA",PM,US-29-NB,0.003851856861181002,0.9969266704797728
"Annandale, DC","Fairfax County, NOVA",PM,US-50-EB,0.010895433084681352,0.9913068741529767
"Annandale, DC","Fairfax County, NOVA",PM,I-66-EB,0.003851856861181002,0.9969266704797728
"Annandale, DC","Fairfax County, NOVA",PM,US-29-NB-TZ1-2_I-66-EB-TZ3-4,0.003851856861181002,0.9969266704797728
"Annandale, DC","Fairfax County, NOVA",PM,I-66-WB,1.0027321992730656,0.31599008967577435
"Annandale, DC","Fairfax County, NOVA",PM,I-66-EB-TZ1-2-3_US-50-EB-TZ4,1.0027321992730656,0.31599008967577435
"Annandale, DC","Fairfax County, NOVA",PM,I-66-WB-TZ4-3_US-50-WB-TZ2-1,1.0027321992730656,0.31599008967577435
"Annandale, DC","Alexandria and Arlington, NOVA",AM,US-50-EB,1.2818687777477802,0.199888682205013
"Annandale, DC","Alexandria and Arlington, NOVA",AM,US-29-NB,0.9505517600848239,0.34183196680350814
"Annandale, DC","Alexandria and Arlington, NOVA",AM,I-66-EB,0.0613704819423417,0.9510641600319192
"Annandale, DC","Alexandria and Arlington, NOVA",AM,US-29-NB-TZ1-2_I-66-EB-TZ3-4,0.9753543090775879,0.32938453974635507
"Annandale, DC","Alexandria and Arlington, NOVA",PM,US-50-EB,0.9753543090775879,0.32938453974635507
"Annandale, DC","Alexandria and Arlington, NOVA",PM,US-29-NB-TZ1-2_I-66-EB-TZ3-4,1.0254419002446535,0.3051547262822605
